ingredient,Fat,Saturated Fat,Cholesterol,Carbohydrate,Sodium,Dietary Fiber,Protein,Added Sugars,Vitamin A,Vitamin C,Calcium,Iron,Vitamin D,Vitamin E,Vitamin K,Vitamin B1,Vitamin B2,Vitamin B3,Vitamin B6,Folate,Vitamin B12,Biotin,Vitamin B5,Phosphorus,Iodine,Magnesium,Zinc,Selenium,Copper,Manganese,Chromium,Molybdenum,Chloride,Potassium,Choline
title,0.0,0.0,0.0,0.0,0.0,0.0,0.0,0.0,0.0,0.0,0.0,0.0,0.0,0.0,0.0,0.0,0.0,0.0,0.0,0.0,0.0,0.0,0.0,0.0,0.0,0.0,0.0,0.0,0.0,0.0,0.0,0.0,0.0,0.0,0.0
rating,0.0,0.0,0.0,0.0,0.0,0.0,0.0,0.0,0.0,0.0,0.0,0.0,0.0,0.0,0.0,0.0,0.0,0.0,0.0,0.0,0.0,0.0,0.0,0.0,0.0,0.0,0.0,0.0,0.0,0.0,0.0,0.0,0.0,0.0,0.0
almond,64.36,0.0,0.0,5.89,0.04,33.11,52.4,0.0,0.0,0.0,17.85,17.89,0.0,0.0,0.0,9.33,57.54,25.0,5.88,0.0,0.0,230.33,0.0,40.96,0.0,59.76,25.45,1.35,108.33,78.7,0.0,80.22,0.0,14.19,0.0
amaretto,0.0,0.0,0.0,0.0,0.0,0.0,0.0,0.0,0.0,0.0,0.0,0.0,0.0,0.0,0.0,0.0,0.0,0.0,0.0,0.0,0.0,0.0,0.0,0.0,0.0,0.0,0.0,0.0,0.0,0.0,0.0,0.0,0.0,0.0,0.0
anchovy,6.21,6.4,20.0,0.0,4.52,0.0,40.8,0.0,1.67,0.0,11.31,18.06,0.0,3.8,0.08,4.58,19.69,87.5,8.41,2.25,25.83,0.0,12.9,13.92,0.0,9.76,15.64,66.36,23.44,3.04,0.0,0.0,0.0,8.15,0.0
anise,20.38,2.93,0.0,18.18,0.7,52.14,35.2,0.0,1.78,23.33,49.69,205.56,0.0,0.0,0.0,28.33,22.31,19.12,38.24,2.5,0.0,0.0,15.94,35.2,0.0,40.48,48.18,9.09,101.11,100.0,0.0,0.0,0.0,30.64,0.0
aperitif,0.0,0.0,0.0,0.0,0.0,0.0,0.0,0.0,0.0,0.0,0.0,0.0,0.0,0.0,0.0,0.0,0.0,0.0,0.0,0.0,0.0,0.0,0.0,0.0,0.0,0.0,0.0,0.0,0.0,0.0,0.0,0.0,0.0,0.0,0.0
apple,11.15,24.95,10.33,13.49,11.91,8.93,14.8,0.0,10.44,0.56,2.31,6.11,0.0,0.0,0.0,19.33,12.62,10.0,1.88,22.0,8.33,0.0,11.92,4.64,0.0,3.1,9.36,34.55,4.44,9.13,0.0,0.0,0.0,1.91,0.0
apple juice,0.13,0.09,0.0,4.25,0.35,0.36,0.0,21.4,0.11,64.33,0.31,3.17,0.0,4.0,0.0,0.58,1.23,0.52,1.71,0.0,0.0,0.0,2.32,0.4,0.0,0.71,0.27,0.18,4.44,0.0,0.0,0.0,0.0,1.94,0.33
apricot,0.5,0.14,0.0,4.04,0.04,7.14,2.8,18.48,10.67,11.11,1.0,2.17,0.0,5.93,2.75,2.5,3.08,3.75,3.18,2.25,0.0,0.0,4.8,1.84,0.0,2.38,1.82,0.18,8.67,3.35,0.0,0.0,0.0,5.51,0.51
artichoke,0.01,0.0,0.0,6.33,0.17,5.71,4.0,19.2,0.11,4.44,1.08,18.89,0.0,1.27,0.08,16.67,4.62,8.12,4.53,3.25,0.0,0.0,7.94,6.24,0.0,4.05,1.09,1.27,15.56,2.61,0.0,0.0,0.0,9.13,5.45
arugula,0.85,0.43,0.0,1.33,1.17,5.71,5.16,4.1,13.22,16.67,12.31,8.11,0.0,2.87,90.83,3.67,6.62,1.91,4.29,24.25,0.0,0.0,8.74,4.16,0.0,11.19,4.27,0.55,8.44,13.96,0.0,0.0,0.0,7.85,2.78
asian pear,0.29,0.06,0.0,3.85,0.0,12.86,1.0,14.1,0.0,4.22,0.31,0.0,0.0,0.8,3.75,0.75,0.77,1.37,1.29,2.0,0.0,0.0,1.4,0.88,0.0,1.9,0.18,0.18,5.56,2.61,0.0,0.0,0.0,2.57,0.93
asparagus,0.15,0.2,0.0,1.41,0.09,7.5,4.4,3.76,4.22,6.22,1.85,11.89,0.0,7.53,34.67,11.92,10.85,6.11,5.35,13.0,0.0,0.0,5.48,4.16,0.0,3.33,4.91,4.18,21.0,6.87,0.0,0.0,0.0,4.3,2.91
aspen,0.0,0.0,0.0,0.0,0.0,0.0,0.0,0.0,0.0,0.0,0.0,0.0,0.0,0.0,0.0,0.0,0.0,0.0,0.0,0.0,0.0,0.0,0.0,0.0,0.0,0.0,0.0,0.0,0.0,0.0,0.0,0.0,0.0,0.0,0.0
avocado,128.21,58.0,0.0,0.0,0.0,0.0,0.0,0.0,0.0,0.0,0.0,0.0,0.0,0.0,0.0,0.0,0.0,0.0,0.0,0.0,0.0,0.0,0.0,0.0,0.0,0.0,0.0,0.0,0.0,0.0,0.0,0.0,0.0,0.0,0.0
bacon,37.82,23.1,0.0,1.93,63.48,9.29,23.4,0.0,0.44,0.0,1.77,13.39,0.0,46.0,0.0,366.67,37.0,47.25,28.18,10.5,0.0,0.0,2.26,5.6,0.0,4.52,3.82,13.45,11.67,8.91,0.0,0.0,0.0,3.62,8.18
banana,2.32,3.49,0.0,32.11,0.13,35.36,7.78,94.6,1.33,7.78,1.69,6.39,0.0,2.6,1.67,15.0,18.46,17.5,25.88,3.5,0.0,0.0,0.0,5.92,0.0,25.71,5.55,7.09,43.44,24.96,0.0,0.0,0.0,31.7,3.56
barley,2.95,2.41,0.0,26.73,0.52,61.79,25.0,1.6,0.11,0.0,2.54,20.0,0.0,3.8,1.83,53.83,21.92,28.75,18.71,4.75,0.0,0.0,5.64,21.12,0.0,31.67,25.18,68.55,55.33,84.35,0.0,0.0,0.0,9.62,0.0
basil,0.82,0.21,0.0,0.96,0.17,5.71,6.3,0.6,29.33,20.0,13.62,17.61,0.0,5.33,345.83,2.83,5.85,5.64,9.12,17.0,0.0,0.0,4.18,4.48,0.0,15.24,7.36,0.55,42.78,50.0,0.0,0.0,0.0,6.28,2.07
bass,2.99,2.54,26.67,0.0,3.0,0.0,35.4,0.0,3.0,0.0,1.15,4.67,0.0,0.0,0.0,8.33,2.31,13.12,17.65,2.25,159.17,0.0,15.0,15.84,0.0,9.52,3.64,66.36,3.44,0.65,0.0,0.0,0.0,5.45,0.0
bean,4.1,5.85,1.33,1.02,0.09,0.36,3.6,0.0,0.0,0.0,1.0,10.89,0.0,0.0,0.0,8.33,6.92,2.44,1.76,8.25,0.83,0.0,0.0,7.04,0.0,8.81,4.45,0.91,10.89,0.0,0.0,0.0,0.0,8.68,2.45
beef,19.1,30.9,28.67,0.0,39.0,0.0,54.2,0.0,0.0,0.0,0.92,11.56,1.0,1.0,1.33,1.67,11.31,15.19,7.65,2.25,67.5,0.0,12.52,8.88,0.0,3.33,32.45,78.0,7.11,0.61,0.0,0.0,0.0,2.89,16.22
beef rib,8.69,12.25,19.0,0.0,2.35,0.0,42.6,0.0,0.89,0.0,1.15,10.11,35.0,4.93,0.0,2.5,6.92,26.94,15.0,0.0,48.75,0.0,5.86,14.72,0.0,4.76,35.91,5.27,5.22,0.26,0.0,0.0,0.0,7.17,0.0
beef shank,4.94,6.4,13.0,0.0,2.74,0.0,43.6,0.0,0.0,0.0,1.54,12.89,0.0,0.0,0.0,8.33,16.92,35.88,27.65,2.0,138.75,0.0,7.0,16.32,0.0,3.33,63.09,32.18,7.89,0.61,0.0,0.0,0.0,8.23,0.0
beef tenderloin,8.82,13.95,19.33,0.0,1.7,0.0,42.0,0.0,1.0,0.0,0.31,12.11,0.5,3.93,0.0,4.58,9.08,25.12,15.53,0.0,73.33,0.0,11.38,16.24,0.0,5.71,21.09,7.82,11.33,0.52,0.0,0.0,0.0,7.64,0.0
beer,0.0,0.0,0.0,0.6,0.17,0.0,0.48,0.18,0.0,0.0,0.31,0.17,0.0,0.0,0.0,0.42,1.15,2.44,2.0,1.5,0.83,0.0,0.6,0.96,0.0,1.19,0.09,0.73,0.67,0.26,0.0,0.0,0.0,0.45,1.6
beet,0.39,0.0,0.0,3.2,4.87,11.14,3.38,0.0,0.0,0.0,1.06,2.38,0.0,0.0,0.0,0.0,0.0,0.0,0.0,0.0,0.0,0.0,0.0,2.69,0.0,5.0,2.82,0.0,17.89,11.17,0.0,0.0,0.0,7.28,0.0
bell pepper,0.14,0.0,0.0,1.74,0.0,3.36,1.43,0.0,0.0,110.56,0.58,1.03,0.0,0.0,0.0,3.26,6.83,3.98,14.53,0.0,0.0,0.0,0.0,1.34,0.0,2.14,1.15,0.0,6.42,4.34,0.0,0.0,0.0,3.47,0.0
berry,0.5,0.0,0.0,28.04,12.96,46.43,28.6,91.2,0.0,53.78,14.62,37.78,0.0,0.0,0.0,0.0,0.0,0.0,0.0,0.0,0.0,0.0,0.0,0.0,0.0,0.0,0.0,0.0,0.0,0.0,0.0,0.0,0.0,0.0,0.0
biscuit,21.79,59.5,0.33,15.85,46.52,7.14,15.0,8.08,0.0,0.0,4.23,15.89,0.0,1.73,0.0,36.08,24.08,24.38,3.71,0.0,0.0,0.0,8.0,43.04,0.0,3.81,4.55,27.64,9.67,18.35,0.0,0.0,0.0,2.45,0.0
blackberry,0.63,0.07,0.0,3.49,0.04,18.93,2.78,9.76,1.22,23.33,2.23,3.44,0.0,7.8,16.5,1.67,2.0,4.04,1.76,6.25,0.0,0.0,5.52,1.76,0.0,4.76,4.82,0.73,18.33,28.09,0.0,0.0,0.0,3.45,1.55
blue cheese,36.79,93.5,25.0,0.85,50.0,0.0,42.8,1.0,22.0,0.0,40.62,1.72,2.5,1.67,2.0,2.42,29.38,6.38,9.76,9.0,50.83,0.0,34.6,30.96,0.0,5.48,24.18,26.36,4.44,0.39,0.0,0.0,0.0,5.45,2.8
blueberry,0.39,0.0,0.0,5.31,0.0,0.0,1.41,0.0,0.0,8.96,0.9,1.89,0.0,0.0,0.0,0.0,0.0,0.0,0.0,0.0,0.0,1.0,0.0,1.04,0.0,1.47,0.78,0.0,5.11,18.39,0.0,0.0,0.0,1.82,0.0
bok choy,0.3,0.0,0.0,1.28,0.62,4.5,2.04,0.0,0.0,0.0,4.76,2.44,0.0,0.0,0.0,0.0,0.0,0.0,0.0,0.0,0.0,0.0,0.0,2.44,0.0,3.24,2.49,0.0,3.07,8.52,0.0,0.0,0.0,4.85,0.0
bourbon,0.0,0.0,0.0,0.0,0.0,0.0,0.0,0.0,0.0,0.0,0.0,0.0,0.0,0.0,0.0,0.0,0.0,0.0,0.0,0.0,0.0,0.0,0.0,0.0,0.0,0.0,0.0,0.0,0.0,0.0,0.0,0.0,0.0,0.0,0.0
braise,6.27,0.0,129.67,1.25,3.04,0.0,48.8,0.0,0.0,25.11,0.54,37.61,0.0,0.0,0.0,16.33,315.38,66.88,53.53,0.0,2958.33,0.0,91.4,34.32,0.0,4.76,55.18,0.0,310.0,17.96,0.0,0.0,0.0,5.0,0.0
bran,1.54,0.95,0.0,19.38,25.65,12.86,21.4,3.26,0.11,0.22,0.92,17.11,0.0,2.2,0.33,27.58,26.0,18.5,2.53,33.5,0.0,0.0,8.9,8.8,0.0,7.38,8.18,62.18,16.78,37.52,0.0,0.0,0.0,2.45,2.78
brandy,0.0,0.0,0.0,0.0,0.0,0.0,0.0,0.0,0.0,0.0,0.0,0.0,0.0,0.0,0.0,0.0,0.0,0.0,0.0,0.0,0.0,0.0,0.0,0.0,0.0,0.0,0.0,0.0,0.0,0.0,0.0,0.0,0.0,0.0,0.0
bread,26.67,31.25,3.33,16.29,32.61,7.5,20.8,4.16,2.67,0.0,6.92,13.83,10.0,9.93,27.0,36.08,23.31,20.5,2.82,39.75,10.0,0.0,7.0,9.6,0.0,4.05,8.73,36.0,9.56,15.91,0.0,0.0,0.0,1.79,1.55
breadcrumbs,0.0,0.0,0.0,0.0,0.0,0.0,0.0,0.0,0.0,0.0,0.0,0.0,0.0,0.0,0.0,0.0,0.0,0.0,0.0,0.0,0.0,0.0,0.0,0.0,0.0,0.0,0.0,0.0,0.0,0.0,0.0,0.0,0.0,0.0,0.0
brie,35.51,87.0,33.33,0.16,27.35,0.0,41.6,0.9,19.33,0.0,14.15,2.78,2.5,1.6,1.92,5.83,40.0,2.38,13.82,16.25,68.75,0.0,13.8,15.04,0.0,4.76,21.64,26.36,2.11,1.48,0.0,0.0,0.0,3.23,2.8
brine,38.46,34.85,35.67,0.0,30.13,0.0,79.8,0.0,0.0,0.0,1.77,25.0,0.0,0.0,0.0,5.0,21.54,73.75,0.0,0.0,0.0,0.0,0.0,0.0,0.0,0.0,0.0,0.0,0.0,0.0,0.0,0.0,0.0,14.89,0.0
brisket,24.36,31.7,32.67,0.17,42.3,0.0,36.4,0.0,0.0,0.0,0.62,10.33,20.0,1.07,1.25,2.17,13.08,18.94,13.53,1.5,67.92,0.0,8.4,10.0,0.0,2.86,41.64,59.64,17.11,0.96,0.0,0.0,0.0,3.09,12.58
broccoli,0.44,0.19,0.0,2.28,1.57,8.57,5.14,0.0,0.89,101.44,3.54,3.83,0.0,1.0,85.0,6.42,8.77,3.99,11.24,0.0,0.0,0.0,12.2,5.36,0.0,5.0,3.82,2.91,6.56,8.57,0.0,0.0,0.0,6.45,0.0
broccoli rabe,0.67,0.45,0.0,1.13,2.43,10.0,7.66,1.24,25.22,41.11,9.08,7.06,0.0,16.87,213.33,14.08,10.77,12.62,12.94,17.75,0.0,0.0,8.96,6.56,0.0,6.43,4.91,2.36,8.33,16.52,0.0,0.0,0.0,7.3,6.11
broil,25.13,40.6,32.33,0.0,3.52,0.0,49.6,0.0,0.0,0.0,1.69,9.94,10.0,0.93,4.42,8.33,19.23,41.88,8.24,4.75,108.75,0.0,13.2,16.08,0.0,5.71,42.45,50.36,14.22,1.04,0.0,0.0,0.0,7.21,16.98
brown rice,4.94,0.0,0.0,27.45,0.04,0.0,14.38,0.0,0.0,0.0,0.77,8.33,0.0,0.0,0.0,26.83,0.62,37.44,7.76,0.0,0.0,0.0,0.0,25.52,0.0,29.52,17.36,17.6,31.78,123.48,0.0,124.89,0.0,5.64,0.0
brownie,20.9,21.2,5.67,23.24,12.43,7.5,9.6,73.2,2.22,0.0,2.23,12.5,0.0,1.0,5.42,21.25,16.15,10.75,2.06,18.0,2.92,0.0,10.94,8.08,0.0,7.38,6.55,11.45,24.89,5.57,0.0,0.0,0.0,3.17,1.82
brussel sprout,0.72,0.0,0.0,3.5,1.12,17.07,7.96,0.0,0.0,0.0,2.97,4.06,0.0,0.0,0.0,0.0,0.0,0.0,0.0,0.0,0.0,0.0,0.0,6.28,0.0,5.95,3.33,0.0,4.27,10.43,0.0,0.0,0.0,10.15,0.0
bulgur,0.31,0.21,0.0,6.76,0.22,16.07,6.16,0.2,0.0,0.0,0.77,5.33,0.0,0.07,0.42,4.75,2.15,6.25,4.88,4.5,0.0,0.0,6.88,3.2,0.0,7.62,5.18,1.09,8.33,26.48,0.0,0.0,0.0,1.45,1.25
burrito,20.0,32.0,45.67,8.36,32.35,4.29,22.2,5.14,8.78,0.0,10.15,12.67,0.0,6.27,0.0,17.5,32.08,13.31,6.0,0.0,30.83,0.0,13.3,13.44,0.0,4.29,9.91,48.0,8.33,9.48,0.0,0.0,0.0,3.19,24.0
butter,128.21,300.0,100.0,0.0,0.0,0.0,0.0,0.0,0.0,0.0,0.0,0.0,0.0,0.0,0.0,0.0,0.0,0.0,0.0,0.0,0.0,0.0,0.0,0.0,0.0,0.0,0.0,0.0,0.0,0.0,0.0,0.0,0.0,0.0,0.0
buttermilk,1.38,2.76,1.6,1.75,4.02,0.0,6.92,0.0,0.0,0.0,9.23,0.07,108.5,0.0,0.0,4.04,15.08,0.8,2.31,0.0,0.0,0.0,0.0,7.38,22.8,2.62,3.87,0.0,0.15,0.0,0.0,0.0,0.0,3.36,0.0
butternut squash,0.13,0.11,0.0,4.25,0.17,7.14,2.0,4.4,59.11,23.33,3.69,3.89,0.0,9.6,0.92,8.33,1.54,7.5,9.06,6.75,0.0,0.0,8.0,2.64,0.0,8.1,1.36,0.91,8.0,8.78,0.0,0.0,0.0,7.49,0.0
butterscotch/caramel,0.0,0.0,0.0,0.0,0.0,0.0,0.0,0.0,0.0,0.0,0.0,0.0,0.0,0.0,0.0,0.0,0.0,0.0,0.0,0.0,0.0,0.0,0.0,0.0,0.0,0.0,0.0,0.0,0.0,0.0,0.0,0.0,0.0,0.0,0.0
cabbage,0.64,0.34,0.0,0.87,21.65,5.71,2.2,2.12,0.56,0.0,2.54,13.89,0.0,0.73,36.33,0.83,16.15,6.88,12.53,13.0,0.0,0.0,0.0,1.92,0.0,3.33,2.0,0.91,2.67,0.0,0.0,0.0,0.0,3.21,2.82
campari,0.0,0.0,0.0,0.0,0.0,0.0,0.0,0.0,0.0,0.0,0.0,0.0,0.0,0.0,0.0,0.0,0.0,0.0,0.0,0.0,0.0,0.0,0.0,0.0,0.0,0.0,0.0,0.0,0.0,0.0,0.0,0.0,0.0,0.0,0.0
candy,27.18,63.5,9.0,23.2,5.3,4.29,12.38,113.8,0.0,1.89,16.38,6.06,0.0,0.0,0.0,0.0,0.0,0.0,0.0,0.0,0.0,0.0,0.0,12.0,0.0,0.0,0.0,0.0,0.0,0.0,0.0,0.0,0.0,7.26,0.0
cantaloupe,0.24,0.25,0.0,2.97,0.7,3.21,1.68,15.72,18.78,40.78,0.69,1.17,0.0,0.33,2.08,3.42,1.46,4.59,4.24,5.25,0.0,0.0,2.1,1.2,0.0,2.86,1.64,0.73,4.56,1.78,0.0,0.0,0.0,5.68,1.38
capers,1.1,1.17,0.0,1.78,102.17,11.43,4.72,0.82,0.78,4.78,3.08,9.28,0.0,5.87,20.5,1.5,10.69,4.08,1.35,5.75,0.0,0.0,0.54,0.8,0.0,7.86,2.91,2.18,41.56,3.39,0.0,0.0,0.0,0.85,1.18
caraway,37.44,93.0,31.0,1.11,30.0,0.0,50.4,0.0,30.11,0.0,51.77,3.56,0.0,0.0,0.0,2.58,34.62,1.12,4.35,4.5,11.25,0.0,3.8,39.2,0.0,5.24,26.73,26.36,2.67,0.91,0.0,0.0,0.0,1.98,0.0
cardamom,8.59,3.4,0.0,24.91,0.78,100.0,21.6,0.0,0.0,23.33,29.46,77.78,0.0,0.0,0.0,16.5,14.0,6.88,13.53,0.0,0.0,0.0,0.0,14.24,0.0,54.52,67.91,0.0,42.56,1217.39,0.0,0.0,0.0,23.83,0.0
carrot,1.91,1.28,0.0,28.95,11.96,84.29,16.2,77.6,380.0,16.22,16.31,21.83,0.0,36.33,90.0,44.5,32.08,41.06,61.18,13.75,0.0,0.0,29.4,27.68,0.0,28.1,14.27,15.64,41.11,48.7,0.0,0.0,0.0,54.04,13.11
cashew,49.87,0.0,0.0,13.2,0.21,14.64,34.8,0.0,0.0,0.0,3.23,33.28,0.0,0.0,0.0,0.0,0.0,0.0,0.0,0.0,0.0,0.0,0.0,42.56,0.0,59.76,46.09,37.64,246.67,84.78,0.0,0.0,0.0,13.57,0.0
cauliflower,0.31,0.0,0.0,1.72,0.87,6.96,3.28,0.0,0.0,0.0,1.57,1.86,0.0,0.0,0.0,0.0,0.0,0.0,0.0,0.0,0.0,0.0,0.0,3.18,0.0,3.38,2.13,0.0,2.69,6.13,0.0,0.0,0.0,5.83,0.0
caviar,22.95,20.3,196.0,1.45,65.22,0.0,49.2,0.0,30.11,0.0,21.15,66.11,14.5,12.6,0.5,15.83,47.69,0.75,18.82,12.5,833.33,0.0,70.0,28.48,0.0,71.43,8.64,119.09,12.22,2.17,0.0,0.0,0.0,3.85,89.27
celery,0.21,0.0,0.0,1.21,4.23,0.0,0.98,0.0,0.0,0.0,3.56,0.0,0.0,0.0,0.0,0.0,0.0,0.0,3.05,0.0,0.0,0.0,0.0,1.73,0.0,2.6,0.84,0.0,0.0,3.3,0.0,0.0,0.0,5.64,0.0
chambord,0.0,0.0,0.0,0.0,0.0,0.0,0.0,0.0,0.0,0.0,0.0,0.0,0.0,0.0,0.0,0.0,0.0,0.0,0.0,0.0,0.0,0.0,0.0,0.0,0.0,0.0,0.0,0.0,0.0,0.0,0.0,0.0,0.0,0.0,0.0
champagne,0.0,0.0,0.0,0.0,0.0,0.0,0.0,0.0,0.0,0.0,0.0,0.0,0.0,0.0,0.0,0.0,0.0,0.0,0.0,0.0,0.0,0.0,0.0,0.0,0.0,0.0,0.0,0.0,0.0,0.0,0.0,0.0,0.0,0.0,0.0
chard,0.26,0.15,0.0,1.36,9.26,5.71,3.6,2.2,34.0,33.33,3.92,10.0,0.0,12.6,691.67,3.33,6.92,2.5,5.82,3.5,0.0,0.0,3.44,3.68,0.0,19.29,3.27,1.64,19.89,15.91,0.0,0.0,0.0,8.06,3.27
chartreuse,0.0,0.0,0.0,0.0,0.0,0.0,0.0,0.0,0.0,0.0,0.0,0.0,0.0,0.0,0.0,0.0,0.0,0.0,0.0,0.0,0.0,0.0,0.0,0.0,0.0,0.0,0.0,0.0,0.0,0.0,0.0,0.0,0.0,0.0,0.0
cheddar,43.59,96.0,33.33,0.89,28.43,0.0,46.6,0.0,35.11,0.0,54.38,0.89,0.0,5.0,2.0,2.42,33.92,0.33,4.06,0.0,44.17,0.0,8.26,36.64,0.0,6.38,33.36,51.45,3.67,1.13,0.0,0.0,0.0,1.64,0.0
cheese,36.67,90.0,30.0,1.27,18.96,0.0,14.2,7.0,33.56,0.0,5.46,6.28,2.5,5.13,2.0,1.67,14.62,5.94,2.35,3.0,16.67,0.0,0.0,7.28,0.0,1.43,4.64,4.91,1.67,0.0,0.0,0.0,0.0,2.38,4.95
cherry,0.26,0.19,0.0,5.82,0.0,7.5,2.12,25.6,0.33,7.78,1.0,2.0,0.0,0.47,1.75,2.25,2.54,0.96,2.88,1.0,0.0,0.0,3.98,1.68,0.0,2.62,0.64,0.0,6.67,3.04,0.0,0.0,0.0,4.72,1.11
chestnut,5.95,3.44,0.0,29.27,0.0,31.11,10.58,0.0,0.0,4.5,4.29,9.0,0.0,0.0,0.0,0.0,0.0,0.0,0.0,0.0,0.0,0.0,0.0,10.72,0.0,16.38,9.45,0.0,64.56,126.09,0.0,0.0,0.0,21.91,0.0
chicken,22.56,16.15,18.67,1.47,31.39,1.07,36.0,0.94,3.33,0.0,1.23,4.83,0.0,0.0,0.0,0.75,8.77,17.19,8.82,0.75,5.42,0.0,8.6,7.12,0.0,2.86,10.45,19.64,4.44,0.52,0.0,0.0,0.0,2.26,0.0
chickpea,8.58,3.46,0.0,21.02,2.78,38.57,44.8,21.6,0.22,0.0,3.46,27.0,0.0,5.53,7.58,40.5,8.15,11.0,28.94,109.25,0.0,0.0,12.12,25.44,0.0,39.52,25.55,15.09,101.33,69.57,0.0,0.0,0.0,18.0,0.0
chile,1.19,0.0,0.0,6.98,92.17,7.86,3.86,30.2,14.33,29.89,1.38,9.11,0.0,32.0,9.08,6.42,17.08,7.81,26.76,0.0,0.0,0.0,7.6,3.68,0.0,3.81,2.18,0.73,6.67,6.35,0.0,0.0,0.0,6.83,0.0
chile pepper,7.45,4.06,0.0,25.42,3.96,102.5,21.2,82.2,146.67,34.89,3.46,33.56,0.0,20.93,90.0,6.75,92.31,54.19,47.65,12.75,0.0,0.0,19.12,12.72,0.0,20.95,9.27,6.36,25.33,35.7,0.0,0.0,0.0,39.79,15.33
chili,12.55,20.75,15.0,1.66,16.57,5.0,25.2,4.54,16.56,1.22,2.62,8.11,0.0,7.67,0.0,3.08,15.92,22.25,18.88,0.0,52.5,0.0,8.1,8.32,0.0,4.29,20.27,23.82,9.56,3.65,0.0,0.0,0.0,6.81,0.0
chive,0.94,0.73,0.0,1.58,0.13,8.93,6.54,3.7,24.22,64.56,7.08,8.89,0.0,1.4,177.5,6.5,8.85,4.04,8.12,26.25,0.0,0.0,6.48,4.64,0.0,10.0,5.09,1.64,17.44,16.22,0.0,0.0,0.0,6.3,0.95
chocolate,1.45,2.6,0.0,23.67,3.13,9.29,4.2,99.2,0.0,0.22,1.08,11.72,0.0,0.13,0.42,0.75,3.85,2.01,0.35,0.5,0.0,0.0,0.26,10.32,0.0,15.48,6.64,2.55,56.89,16.61,0.0,0.0,0.0,4.77,0.24
cilantro,0.67,0.07,0.0,1.33,2.0,10.0,4.26,1.74,37.44,30.0,5.15,9.83,0.0,16.67,258.33,5.58,12.46,6.94,8.76,15.5,0.0,0.0,11.4,3.84,0.0,6.19,4.55,1.64,25.0,18.52,0.0,0.0,0.0,11.09,2.33
cinnamon,6.78,0.0,0.0,16.15,16.87,12.5,14.1,28.2,0.0,0.0,5.46,14.11,0.0,3.33,7.92,26.42,9.23,17.62,1.59,20.25,2.08,0.0,0.0,4.56,0.0,2.62,4.45,22.36,7.11,0.0,0.0,0.0,0.0,1.57,0.49
clam,0.26,0.0,0.0,4.0,15.74,1.43,1.2,6.62,0.78,5.56,0.62,0.83,0.0,0.73,0.0,1.75,0.92,1.44,3.59,2.0,1.25,0.0,1.66,0.88,0.0,1.19,0.73,0.73,3.22,1.39,0.0,0.0,0.0,1.89,0.0
clove,16.67,19.75,0.0,23.82,12.04,121.07,11.94,4.76,0.89,0.22,48.62,65.56,0.0,58.8,118.33,13.17,16.92,9.75,23.0,6.25,0.0,0.0,10.18,8.32,0.0,61.67,21.09,13.09,40.89,2613.04,0.0,0.0,0.0,21.7,6.8
cobbler/crumble,0.0,0.0,0.0,0.0,0.0,0.0,0.0,0.0,0.0,0.0,0.0,0.0,0.0,0.0,0.0,0.0,0.0,0.0,0.0,0.0,0.0,0.0,0.0,0.0,0.0,0.0,0.0,0.0,0.0,0.0,0.0,0.0,0.0,0.0,0.0
coconut,19.62,70.0,0.0,21.42,2.04,122.14,32.2,0.0,0.0,0.0,2.77,44.56,0.0,0.0,0.0,0.0,0.0,0.0,0.0,0.0,0.0,0.0,0.0,40.56,0.0,59.05,33.64,48.73,231.11,230.0,0.0,0.0,0.0,44.47,0.0
cod,128.21,113.0,190.0,0.0,0.0,0.0,0.0,0.0,3333.33,0.0,0.0,0.0,1250.0,0.0,0.0,0.0,0.0,0.0,0.0,0.0,0.0,0.0,0.0,0.0,0.0,0.0,0.0,0.0,0.0,0.0,0.0,0.0,0.0,0.0,0.0
coffee,1.85,1.03,0.0,3.75,1.78,0.0,4.12,18.94,0.0,0.0,9.46,0.0,0.0,0.0,0.0,0.0,16.15,0.0,0.0,0.0,15.42,0.0,0.0,0.0,0.0,0.0,3.36,0.0,0.0,0.0,0.0,0.0,0.0,2.81,0.0
cognac/armagnac,0.0,0.0,0.0,0.0,0.0,0.0,0.0,0.0,0.0,0.0,0.0,0.0,0.0,0.0,0.0,0.0,0.0,0.0,0.0,0.0,0.0,0.0,0.0,0.0,0.0,0.0,0.0,0.0,0.0,0.0,0.0,0.0,0.0,0.0,0.0
collard greens,0.78,0.27,0.0,1.97,0.74,14.29,6.04,0.92,27.89,39.22,17.85,2.61,0.0,15.07,364.17,4.5,10.0,4.64,9.71,32.25,0.0,0.0,5.34,2.0,0.0,6.43,1.91,2.36,5.11,28.61,0.0,0.0,0.0,4.53,4.22
condiment,20.77,32.35,19.0,5.24,20.87,3.57,34.0,6.98,0.0,0.67,8.15,12.11,0.0,0.0,0.0,10.58,23.31,26.31,0.0,0.0,70.0,0.0,0.0,13.2,0.0,5.0,30.27,0.0,10.11,5.78,0.0,0.0,0.0,5.15,0.0
condiment/spread,0.0,0.0,0.0,0.0,0.0,0.0,0.0,0.0,0.0,0.0,0.0,0.0,0.0,0.0,0.0,0.0,0.0,0.0,0.0,0.0,0.0,0.0,0.0,0.0,0.0,0.0,0.0,0.0,0.0,0.0,0.0,0.0,0.0,0.0,0.0
cookie,16.92,11.75,4.0,24.4,13.04,0.71,23.6,48.4,0.67,7.78,7.77,23.22,0.0,3.07,0.92,121.67,248.46,100.0,347.06,36.25,19.17,0.0,10.58,14.32,0.0,11.67,10.0,31.27,8.22,15.13,0.0,0.0,0.0,10.66,5.15
cookies,16.92,11.75,4.0,24.4,13.04,0.71,23.6,48.4,0.67,7.78,7.77,23.22,0.0,3.07,0.92,121.67,248.46,100.0,347.06,36.25,19.17,0.0,10.58,14.32,0.0,11.67,10.0,31.27,8.22,15.13,0.0,0.0,0.0,10.66,5.15
coriander,22.82,4.95,0.0,20.0,1.52,149.64,24.8,0.0,0.0,23.33,54.54,90.56,0.0,0.0,0.0,19.92,22.31,13.31,0.0,0.0,0.0,0.0,0.0,32.72,0.0,78.57,42.73,47.64,108.33,82.61,0.0,0.0,0.0,27.02,0.0
corn,0.0,67.0,0.0,0.0,0.0,0.0,0.0,0.0,0.0,0.0,0.0,0.0,0.0,150.67,0.0,0.0,0.0,0.0,0.0,0.0,0.0,0.0,0.0,0.0,0.0,0.0,0.0,0.0,0.0,0.0,0.0,0.0,0.0,0.0,0.0
cornmeal,6.97,4.43,0.0,27.96,0.3,31.07,20.8,3.62,0.0,0.0,0.38,16.17,0.0,4.87,0.0,23.75,8.23,12.62,34.88,0.0,0.0,0.0,7.06,28.32,0.0,31.67,26.45,21.45,24.22,32.96,0.0,0.0,0.0,8.36,0.0
cottage cheese,5.38,13.25,4.67,1.09,17.52,0.36,21.8,0.74,5.89,4.44,4.31,0.56,0.0,0.33,9.17,0.83,10.0,0.62,2.94,4.25,20.42,0.0,0.0,10.24,0.0,0.95,2.64,8.18,3.11,0.0,0.0,0.0,0.0,1.83,3.18
couscous,0.21,0.15,0.0,8.44,0.22,5.0,7.58,0.2,0.0,0.0,0.62,2.11,0.0,0.87,0.08,5.25,2.08,6.14,3.0,3.75,0.0,0.0,7.42,1.76,0.0,1.9,2.36,50.0,4.56,3.65,0.0,0.0,0.0,1.23,0.6
crab,9.64,7.4,50.0,0.17,14.35,0.0,40.4,0.0,6.33,3.11,8.08,6.0,0.0,0.0,0.0,7.5,6.15,18.12,10.0,15.25,247.5,0.0,10.0,17.04,0.0,7.86,37.18,74.0,67.78,8.26,0.0,0.0,0.0,6.89,0.0
cranberry,0.17,0.04,0.0,4.36,0.09,12.86,0.92,8.54,0.33,15.56,0.62,1.28,0.0,8.8,4.17,1.0,1.54,0.63,3.35,0.25,0.0,0.0,5.9,0.88,0.0,1.43,0.82,0.18,6.22,11.61,0.0,0.0,0.0,1.7,1.0
cranberry sauce,0.19,0.03,0.0,14.69,0.22,3.93,1.8,63.6,0.22,1.11,0.23,2.28,0.0,6.2,1.17,1.25,1.62,0.62,0.82,0.25,0.0,0.0,0.0,0.32,0.0,0.48,0.27,0.73,2.89,3.17,0.0,0.0,0.0,0.6,0.69
cream cheese,44.1,101.0,33.67,2.01,13.65,0.0,12.3,7.52,34.22,0.0,7.46,0.61,0.0,5.73,1.75,1.92,17.69,0.57,3.29,2.25,9.17,0.0,10.34,8.56,0.0,2.14,4.55,15.64,2.0,0.48,0.0,0.0,0.0,2.81,4.87
créme de cacao,9.42,22.65,9.67,20.15,5.61,0.0,13.68,99.4,8.22,2.89,19.31,0.94,30.0,1.33,1.08,1.33,31.15,1.31,0.94,2.75,12.92,0.0,16.7,15.44,0.0,5.24,7.18,4.91,0.44,0.09,0.0,0.0,0.0,7.45,16.2
crêpe,0.0,0.0,0.0,0.0,0.0,0.0,0.0,0.0,0.0,0.0,0.0,0.0,0.0,0.0,0.0,0.0,0.0,0.0,0.0,0.0,0.0,0.0,0.0,0.0,0.0,0.0,0.0,0.0,0.0,0.0,0.0,0.0,0.0,0.0,0.0
cucumber,0.21,0.39,0.0,0.79,0.09,2.5,1.18,2.76,0.44,3.56,1.08,1.22,0.0,0.2,6.0,2.58,1.92,0.23,3.0,3.5,0.0,0.0,4.8,1.68,0.0,2.86,1.55,0.18,7.89,3.17,0.0,0.0,0.0,2.89,1.04
cumin,28.59,7.7,0.0,16.07,7.3,37.5,35.6,4.5,7.11,8.56,71.62,368.89,0.0,22.2,4.5,52.33,25.15,28.62,25.59,2.5,0.0,0.0,0.0,39.92,0.0,87.14,43.64,9.45,96.33,144.78,0.0,0.0,0.0,38.09,4.49
currant,0.28,0.43,0.0,28.0,1.87,15.71,6.86,124.6,0.44,5.22,6.77,10.44,0.0,0.73,2.75,13.33,10.92,10.12,17.41,2.5,0.0,0.0,0.0,7.92,0.0,8.57,3.36,1.27,33.11,15.0,0.0,0.0,0.0,16.53,1.93
curry,17.95,8.25,0.0,20.29,2.26,190.0,28.6,5.52,0.11,0.78,40.38,106.11,0.0,168.0,83.17,14.67,15.38,20.38,6.18,14.0,0.0,0.0,21.4,29.36,0.0,60.71,42.73,73.27,133.33,360.87,0.0,0.0,0.0,24.89,11.67
custard,8.21,10.15,86.0,30.11,12.22,0.0,13.8,0.0,7.0,0.44,17.54,10.72,0.0,0.0,0.0,12.08,31.69,2.0,12.71,7.5,48.75,0.0,44.8,26.56,0.0,10.71,9.55,30.18,5.11,0.87,0.0,0.0,0.0,11.49,0.0
date,0.19,0.0,0.0,27.27,0.04,23.93,3.62,133.0,0.78,0.0,4.92,5.0,0.0,0.0,2.25,4.17,4.62,10.06,14.65,3.75,0.0,0.0,16.1,4.96,0.0,12.86,4.0,0.0,40.22,12.87,0.0,0.0,0.0,14.81,1.8
digestif,0.0,0.0,0.0,0.0,0.0,0.0,0.0,0.0,0.0,0.0,0.0,0.0,0.0,0.0,0.0,0.0,0.0,0.0,0.0,0.0,0.0,0.0,0.0,0.0,0.0,0.0,0.0,0.0,0.0,0.0,0.0,0.0,0.0,0.0,0.0
dill,0.55,0.0,0.0,0.72,35.13,3.57,0.96,0.0,0.44,2.33,4.15,1.28,0.0,0.8,14.0,3.92,4.38,0.68,2.0,0.0,0.0,0.0,4.0,1.28,0.0,1.69,1.0,0.0,2.89,2.43,0.0,0.0,0.0,2.38,0.0
dinner,8.21,7.9,16.67,18.91,24.61,13.21,19.0,8.6,0.56,0.0,4.54,19.56,0.0,2.4,1.75,43.92,39.77,20.56,3.12,69.0,10.0,0.0,13.1,8.08,0.0,5.95,10.18,53.82,14.78,22.91,0.0,0.0,0.0,2.21,5.71
breakfast,24.87,32.0,57.67,6.36,23.87,3.93,20.4,1.86,7.78,0.44,3.92,9.67,0.0,0.0,0.0,19.08,27.08,14.19,10.24,0.0,23.75,0.0,14.9,20.48,0.0,3.57,8.82,0.0,9.11,5.17,0.0,0.0,0.0,4.4,0.0
lunch,17.82,13.2,12.0,4.55,20.3,8.21,35.2,1.1,0.0,0.78,2.62,20.94,1.5,9.07,4.08,8.08,12.46,31.87,11.47,3.0,12.92,0.0,0.0,17.68,0.0,6.19,10.18,45.27,10.78,12.35,0.0,0.0,0.0,5.91,6.53
dip,4.74,2.65,0.0,5.78,19.26,17.5,10.88,1.98,0.0,0.67,2.0,8.89,0.0,6.07,1.42,7.5,7.69,2.69,6.76,5.25,0.0,0.0,3.0,8.4,0.0,9.52,6.27,14.0,21.78,14.83,0.0,0.0,0.0,7.83,2.96
dried fruit,1.54,1.35,0.0,25.71,0.13,16.43,7.6,132.2,0.0,203.33,2.54,9.44,0.0,2.07,1.33,0.83,43.85,19.38,5.29,3.0,0.0,0.0,0.0,14.48,0.0,10.0,2.55,2.36,70.11,10.17,0.0,0.0,0.0,23.62,2.31
duck,5.95,7.2,171.67,1.28,6.09,0.0,37.4,0.0,1333.33,5.0,0.85,169.44,0.0,0.0,0.0,46.83,68.62,40.62,44.71,184.5,2250.0,0.0,123.6,21.52,0.0,5.71,27.91,121.82,662.22,11.22,0.0,0.0,0.0,4.89,0.0
egg,0.0,0.0,0.0,0.86,0.0,0.0,21.4,0.0,0.0,0.0,0.0,0.0,0.0,0.0,0.0,0.0,30.08,0.0,0.0,0.0,0.0,0.0,0.0,0.0,0.0,0.0,0.0,32.55,0.0,0.0,0.0,0.0,0.0,0.0,0.0
egg nog,2.1,0.0,0.0,4.47,2.65,0.0,4.92,19.68,0.0,0.0,1.23,1.67,0.0,0.0,0.0,0.0,0.0,0.0,0.0,0.0,0.0,0.0,0.0,0.0,0.0,0.0,0.0,0.0,0.0,0.0,0.0,0.0,0.0,2.62,0.0
eggplant,0.9,0.7,0.0,3.55,72.61,8.93,1.8,9.6,0.33,0.0,1.92,4.28,0.0,0.2,3.08,4.17,5.38,4.12,8.24,5.0,0.0,0.0,0.0,0.72,0.0,1.43,2.09,1.09,19.22,0.0,0.0,0.0,0.0,0.26,2.16
endive,0.26,0.24,0.0,1.22,0.96,11.07,2.5,0.5,12.0,7.22,4.0,4.61,0.0,2.93,192.5,6.67,5.77,2.5,1.18,35.5,0.0,0.0,18.0,2.24,0.0,3.57,7.18,0.36,11.0,18.26,0.0,0.0,0.0,6.68,3.05
escarole,0.23,0.21,0.0,1.12,0.83,10.0,2.3,0.46,10.44,3.67,3.54,4.0,0.0,2.67,176.67,4.92,4.77,1.95,0.94,19.5,0.0,0.0,16.52,1.76,0.0,3.1,6.27,0.36,9.67,16.74,0.0,0.0,0.0,5.21,2.8
fennel,0.26,0.45,0.0,2.65,2.26,11.07,2.48,7.86,5.33,13.33,3.77,4.06,0.0,3.87,52.33,0.83,2.46,4.0,2.76,6.75,0.0,0.0,4.64,4.0,0.0,4.05,1.82,1.27,7.33,8.3,0.0,0.0,0.0,8.81,2.4
feta,27.56,66.5,29.67,1.41,49.57,0.0,28.4,0.0,13.89,0.0,37.92,3.61,2.0,1.2,1.5,12.83,64.92,6.19,24.94,8.0,70.42,0.0,19.34,26.96,0.0,4.52,26.18,27.27,3.56,1.22,0.0,0.0,0.0,1.32,2.8
fig,0.38,0.3,0.0,6.98,0.04,10.36,1.5,32.6,0.78,2.22,2.69,2.06,0.0,0.73,3.92,5.0,3.85,2.5,6.65,1.5,0.0,0.0,6.0,1.12,0.0,4.05,1.36,0.36,7.78,5.57,0.0,0.0,0.0,4.94,0.85
fish,20.77,18.65,9.33,7.89,17.48,5.36,22.0,3.3,0.44,0.0,1.23,4.67,0.0,45.87,3.92,10.17,8.92,9.62,4.59,6.0,40.0,0.0,5.44,15.28,0.0,5.95,3.82,28.55,6.56,7.91,0.0,0.0,0.0,3.94,7.78
flat bread,0.95,0.94,23.67,0.0,6.52,0.0,44.4,0.0,0.0,0.0,0.23,27.78,0.0,1.47,0.0,20.42,31.85,42.44,34.24,3.0,255.0,0.0,49.6,18.32,0.0,7.38,27.27,57.27,22.78,1.22,0.0,0.0,0.0,5.11,0.0
fontina,39.87,96.0,38.67,0.56,34.78,0.0,51.2,3.1,29.0,0.0,42.31,1.28,115.0,1.8,2.17,1.75,15.69,0.94,4.88,1.5,70.0,0.0,8.58,27.68,0.0,3.33,31.82,26.36,2.78,0.61,0.0,0.0,0.0,1.36,2.8
fortified wine,8.46,4.47,0.0,25.24,1.43,23.57,26.4,26.4,0.0,0.0,49.46,267.78,35.5,33.33,1.92,74.33,82.31,89.38,42.0,71.75,148.75,0.0,98.4,26.64,0.0,27.38,28.45,54.91,51.89,0.0,0.0,0.0,0.0,9.94,8.25
frangelico,0.0,0.0,0.0,0.0,0.0,0.0,0.0,0.0,0.0,0.0,0.0,0.0,0.0,0.0,0.0,0.0,0.0,0.0,0.0,0.0,0.0,0.0,0.0,0.0,0.0,0.0,0.0,0.0,0.0,0.0,0.0,0.0,0.0,0.0,0.0
frittata,0.0,0.0,0.0,0.0,0.0,0.0,0.0,0.0,0.0,0.0,0.0,0.0,0.0,0.0,0.0,0.0,0.0,0.0,0.0,0.0,0.0,0.0,0.0,0.0,0.0,0.0,0.0,0.0,0.0,0.0,0.0,0.0,0.0,0.0,0.0
fruit,0.09,0.05,0.0,30.07,4.26,5.71,0.68,161.4,0.11,0.0,1.38,0.94,0.0,0.27,0.25,0.0,0.0,0.0,0.0,0.0,0.0,0.0,0.0,0.4,0.0,0.95,0.45,1.09,3.22,4.83,0.0,0.0,0.0,1.19,0.4
fruit juice,0.13,0.07,0.0,4.25,0.35,0.36,0.2,16.92,0.22,70.67,0.62,1.89,0.0,0.27,0.75,1.92,1.08,0.77,2.53,1.75,0.0,0.0,2.3,0.4,0.0,1.19,0.27,0.91,4.44,0.0,0.0,0.0,0.0,2.15,0.64
garlic,0.49,0.0,0.0,10.25,0.0,9.64,13.24,0.0,0.0,11.11,0.0,0.0,0.0,0.0,0.0,0.0,0.0,0.0,0.0,0.0,0.0,0.0,0.0,0.0,0.0,0.0,0.0,17.82,0.0,0.0,0.0,0.0,0.0,0.0,0.0
gin,0.0,0.0,0.0,0.0,0.04,0.0,0.0,0.0,0.0,0.0,0.0,0.22,0.0,0.0,0.0,0.5,0.31,0.08,0.06,0.0,0.0,0.0,0.0,0.32,0.0,0.0,0.36,0.0,2.33,0.78,0.0,0.0,0.0,0.04,0.0
ginger,0.96,1.02,0.0,6.47,0.57,7.14,3.64,3.4,0.0,5.56,1.23,3.33,0.0,1.73,0.08,2.08,2.62,4.69,9.41,2.75,0.0,0.0,4.06,2.72,0.0,10.24,3.09,1.27,25.11,9.96,0.0,0.0,0.0,8.83,5.24
goat cheese,45.64,123.0,35.0,0.79,18.39,0.0,61.0,4.34,54.0,0.0,68.85,10.44,3.5,2.07,2.5,11.67,91.54,15.0,4.71,1.0,5.0,0.0,8.2,58.32,0.0,12.86,14.45,10.0,69.67,10.96,0.0,0.0,0.0,1.02,2.8
goose,127.95,138.5,33.33,0.0,0.0,0.0,0.0,0.0,0.0,0.0,0.0,0.0,0.0,18.0,0.0,0.0,0.0,0.0,0.0,0.0,0.0,0.0,0.0,0.0,0.0,0.0,0.0,0.36,0.0,0.0,0.0,0.0,0.0,0.0,0.0
gouda,35.13,88.0,38.0,0.81,35.61,0.0,49.8,4.44,18.33,0.0,53.85,1.33,2.5,1.6,1.92,2.5,25.69,0.39,4.71,5.25,64.17,0.0,6.8,43.68,0.0,6.9,35.45,26.36,4.0,0.48,0.0,0.0,0.0,2.57,2.8
grains,2.09,0.99,0.0,27.6,0.09,53.93,20.6,1.96,0.11,0.0,1.85,14.61,0.0,5.67,4.92,26.33,19.31,26.69,17.29,9.5,0.0,0.0,29.2,26.56,0.0,26.19,24.09,25.27,40.78,112.17,0.0,0.0,0.0,10.85,5.53
granola,31.15,19.8,0.0,19.6,1.13,31.79,27.4,39.6,0.11,1.33,5.85,21.94,0.0,74.0,4.42,45.67,27.23,17.12,21.76,21.0,0.0,0.0,15.04,34.48,0.0,40.0,37.91,46.18,71.89,173.91,0.0,0.0,0.0,11.47,8.95
grape,2.53,1.56,0.0,4.25,123.91,35.36,8.54,0.0,29.22,12.56,22.23,16.56,0.0,11.93,81.08,5.33,28.0,28.12,8.0,19.5,0.0,0.0,85.4,2.72,0.0,3.33,3.64,1.64,204.44,12.61,0.0,0.0,0.0,0.62,0.0
grapefruit,0.13,0.07,0.0,3.35,0.04,0.0,1.0,0.0,2.44,42.22,0.69,1.11,0.0,0.0,0.0,3.33,1.54,1.25,2.59,2.5,0.0,0.0,3.78,1.2,0.0,2.86,0.45,0.0,3.67,0.87,0.0,0.0,0.0,3.45,0.0
grappa,0.0,0.0,0.0,0.0,0.0,0.0,0.0,0.0,0.0,0.0,0.0,0.0,0.0,0.0,0.0,0.0,0.0,0.0,0.0,0.0,0.0,0.0,0.0,0.0,0.0,0.0,0.0,0.0,0.0,0.0,0.0,0.0,0.0,0.0,0.0
green bean,0.64,0.0,0.0,2.33,0.13,12.14,4.62,6.44,0.0,8.11,4.23,4.61,0.0,0.0,0.0,6.5,5.77,4.83,7.29,0.0,0.0,0.0,6.0,3.92,0.0,6.67,3.45,0.0,10.0,14.43,0.0,0.0,0.0,6.87,0.0
green onion/scallion,0.0,0.0,0.0,0.0,0.0,0.0,0.0,0.0,0.0,0.0,0.0,0.0,0.0,0.0,0.0,0.0,0.0,0.0,0.0,0.0,0.0,0.0,0.0,0.0,0.0,0.0,0.0,0.0,0.0,0.0,0.0,0.0,0.0,0.0,0.0
ground beef,16.28,26.7,20.67,0.0,2.96,0.0,38.8,0.0,0.0,0.0,0.92,11.06,0.0,2.33,0.92,4.08,11.85,30.12,20.88,1.5,82.08,0.0,11.52,14.0,0.0,4.52,41.36,25.82,7.0,0.43,0.0,0.0,0.0,6.15,12.25
guava,23.72,27.7,3.33,17.38,10.04,7.86,10.96,34.0,0.0,0.0,1.08,11.78,0.0,6.33,10.42,15.83,9.0,15.56,3.12,0.0,0.0,0.0,5.4,4.48,0.0,3.57,3.82,31.82,8.78,11.52,0.0,0.0,0.0,2.19,0.0
halibut,17.69,12.1,15.33,0.0,3.48,0.0,28.8,0.0,1.56,0.0,0.23,3.67,137.0,4.87,0.08,5.0,6.15,9.38,24.71,0.25,41.67,0.0,5.0,13.12,0.0,6.19,3.64,66.36,3.33,0.52,0.0,0.0,0.0,5.7,11.24
ham,26.54,35.9,23.33,0.67,53.91,0.0,32.6,0.0,0.0,0.0,0.77,4.39,3.5,1.8,0.0,59.33,14.62,26.0,15.29,0.25,39.58,0.0,3.6,12.56,0.0,3.81,17.27,36.36,8.89,1.35,0.0,0.0,0.0,6.62,12.62
hazelnut,128.21,37.0,0.0,0.0,0.0,0.0,0.0,0.0,0.0,0.0,0.0,0.0,0.0,314.67,0.0,0.0,0.0,0.0,0.0,0.0,0.0,0.0,0.0,0.0,0.0,0.0,0.0,0.0,0.0,0.0,0.0,0.0,0.0,0.0,0.0
herb,0.0,0.01,0.0,0.07,0.04,0.0,0.0,0.0,0.11,0.0,0.15,0.44,0.0,0.0,0.0,0.83,0.31,0.0,0.0,0.25,0.0,0.0,0.22,0.0,0.0,0.24,0.36,0.0,1.67,1.91,0.0,0.0,0.0,0.19,0.0
hominy/cornmeal/masa,1.13,0.61,0.0,5.2,11.61,8.93,2.96,3.02,0.0,0.33,0.77,3.44,0.0,0.33,0.17,0.25,0.46,0.21,0.29,0.25,0.0,0.0,3.08,2.8,0.0,3.81,9.55,5.45,3.33,3.04,0.0,0.0,0.0,0.19,0.56
honey,0.0,0.0,0.0,29.96,0.17,0.71,0.6,164.2,0.0,0.56,0.46,2.33,0.0,0.0,0.0,0.0,2.92,0.76,1.41,0.5,0.0,0.0,1.36,0.32,0.0,0.48,2.0,1.45,4.0,3.48,0.0,0.0,0.0,1.11,0.4
honeydew,0.28,0.0,0.0,2.96,0.92,0.0,1.06,0.0,0.0,17.44,0.51,0.0,0.0,0.0,0.0,0.0,0.0,0.0,0.0,0.0,0.0,2.37,0.0,0.94,0.0,2.26,0.55,0.0,1.01,1.54,0.0,0.0,0.0,4.45,0.0
horseradish,0.88,0.45,0.0,4.11,18.26,11.79,2.36,15.98,0.0,27.67,4.31,2.33,0.0,0.07,1.08,0.67,1.85,2.41,4.29,14.25,0.0,0.0,1.86,2.48,0.0,6.43,7.55,5.09,6.44,5.48,0.0,0.0,0.0,5.23,1.18
hot pepper,0.51,0.3,0.0,1.66,62.17,9.29,1.6,3.2,4.78,13.67,4.69,1.78,0.0,6.0,18.25,3.08,1.77,2.14,6.18,3.25,0.0,0.0,4.0,1.04,0.0,1.43,0.82,0.73,5.0,2.26,0.0,0.0,0.0,2.4,1.62
hummus,22.82,12.8,0.0,5.45,18.52,19.64,15.56,1.24,0.11,0.0,3.62,14.11,0.0,10.27,19.0,13.33,9.77,6.38,8.59,12.0,0.0,0.0,6.92,14.48,0.0,17.86,13.09,8.55,41.89,50.43,0.0,0.0,0.0,6.64,0.0
ice cream,10.99,11.6,7.0,13.49,5.61,0.0,8.58,37.2,9.56,0.0,6.62,1.44,0.0,2.67,1.08,9.25,11.23,9.81,1.65,13.25,2.08,0.0,4.18,5.76,0.0,6.9,5.45,5.64,28.22,16.57,0.0,0.0,0.0,2.45,1.45
jalapeño,0.0,0.0,0.0,0.0,0.0,0.0,0.0,0.0,0.0,0.0,0.0,0.0,0.0,0.0,0.0,0.0,0.0,0.0,0.0,0.0,0.0,0.0,0.0,0.0,0.0,0.0,0.0,0.0,0.0,0.0,0.0,0.0,0.0,0.0,0.0
jam or jelly,0.09,0.05,0.0,25.05,1.39,3.93,0.74,97.0,0.0,9.78,1.54,2.72,0.0,0.8,0.0,1.33,5.85,0.22,1.18,2.75,0.0,0.0,0.4,1.52,0.0,0.95,0.55,3.64,11.11,1.74,0.0,0.0,0.0,1.64,1.85
jerusalem artichoke,0.01,0.0,0.0,6.33,0.17,5.71,4.0,19.2,0.11,4.44,1.08,18.89,0.0,1.27,0.08,16.67,4.62,8.12,4.53,3.25,0.0,0.0,7.94,6.24,0.0,4.05,1.09,1.27,15.56,2.61,0.0,0.0,0.0,9.13,5.45
jícama,0.0,0.0,0.0,0.0,0.0,0.0,0.0,0.0,0.0,0.0,0.0,0.0,0.0,0.0,0.0,0.0,0.0,0.0,0.0,0.0,0.0,0.0,0.0,0.0,0.0,0.0,0.0,0.0,0.0,0.0,0.0,0.0,0.0,0.0,0.0
kahlúa,0.0,0.0,0.0,0.0,0.0,0.0,0.0,0.0,0.0,0.0,0.0,0.0,0.0,0.0,0.0,0.0,0.0,0.0,0.0,0.0,0.0,0.0,0.0,0.0,0.0,0.0,0.0,0.0,0.0,0.0,0.0,0.0,0.0,0.0,0.0
kale,1.91,0.89,0.0,1.61,2.3,14.64,5.84,1.98,26.78,103.78,19.54,8.89,0.0,4.4,325.0,9.42,26.69,7.38,8.65,15.5,0.0,0.0,7.4,4.4,0.0,7.86,3.55,1.64,5.89,40.0,0.0,0.0,0.0,7.4,0.09
kirsch,0.0,0.0,0.0,0.0,0.0,0.0,0.0,0.0,0.0,0.0,0.0,0.0,0.0,0.0,0.0,0.0,0.0,0.0,0.0,0.0,0.0,0.0,0.0,0.0,0.0,0.0,0.0,0.0,0.0,0.0,0.0,0.0,0.0,0.0,0.0
kiwi,0.0,0.0,0.0,4.47,0.48,0.0,0.0,23.2,0.11,27.44,0.0,0.83,0.0,0.0,0.0,0.0,0.0,0.0,0.0,0.0,0.0,0.0,0.0,0.0,0.0,0.0,0.0,0.0,0.0,0.0,0.0,0.0,0.0,0.3,0.0
kumquat,1.1,0.52,0.0,5.78,0.43,23.21,3.76,18.72,1.67,48.78,4.77,4.78,0.0,1.0,0.0,3.08,6.92,2.68,2.12,4.25,0.0,0.0,4.16,1.52,0.0,4.76,1.55,0.0,10.56,5.87,0.0,0.0,0.0,3.96,1.53
kwanzaa,0.0,0.0,0.0,0.0,0.0,0.0,0.0,0.0,0.0,0.0,0.0,0.0,0.0,0.0,0.0,0.0,0.0,0.0,0.0,0.0,0.0,0.0,0.0,0.0,0.0,0.0,0.0,0.0,0.0,0.0,0.0,0.0,0.0,0.0,0.0
lamb,15.9,24.25,21.0,0.0,2.48,0.0,40.6,0.0,0.89,0.0,0.31,5.78,0.0,1.6,0.0,4.92,13.54,31.31,7.76,0.0,67.5,0.0,3.12,12.48,0.0,4.29,25.0,8.55,10.0,0.3,0.0,0.0,0.0,5.98,0.0
lamb chop,33.59,56.0,23.0,0.08,2.74,0.0,30.8,0.0,1.78,0.0,1.08,6.89,0.5,3.13,0.0,9.25,9.23,25.94,7.35,0.0,61.25,0.0,8.36,11.92,0.0,4.29,18.91,8.0,9.78,0.3,0.0,0.0,0.0,5.57,0.0
lamb shank,14.62,23.1,22.0,0.03,3.3,0.0,40.2,0.0,0.89,0.0,0.54,7.11,0.0,1.8,0.0,8.33,7.38,25.56,5.53,0.0,83.75,0.0,8.66,12.56,0.0,4.52,35.27,11.64,8.78,0.35,0.0,0.0,0.0,6.09,0.0
lasagna,6.83,10.55,4.33,5.02,12.35,6.07,13.08,8.46,5.11,19.0,8.54,7.06,5.0,5.87,7.58,9.5,11.85,8.5,4.06,12.75,23.75,0.0,4.08,8.56,0.0,5.0,8.27,47.64,12.11,8.57,0.0,0.0,0.0,3.87,1.87
leafy green,0.32,0.33,0.0,1.75,0.3,0.0,8.2,0.0,4.0,40.0,4.85,10.67,0.0,0.0,0.0,29.5,13.46,7.0,10.41,25.25,0.0,0.0,1.2,0.72,0.0,10.24,2.64,1.64,21.22,22.13,0.0,0.0,0.0,9.68,0.0
leek,0.38,0.2,0.0,5.16,0.87,6.43,3.0,7.8,9.22,13.33,4.54,11.67,0.0,6.13,39.17,5.0,2.31,2.5,13.71,16.0,0.0,0.0,2.8,2.8,0.0,6.67,1.09,1.82,13.33,20.91,0.0,0.0,0.0,3.83,1.73
legume,33.21,20.3,0.0,10.4,76.96,36.43,64.0,0.0,0.0,2.11,7.77,4.0,0.0,46.0,0.0,50.0,5.38,10.0,4.71,31.75,50.0,0.0,0.0,17.36,0.0,22.62,17.0,13.45,59.89,0.0,0.0,0.0,0.0,3.09,24.55
lemon,0.09,0.14,0.0,2.06,1.13,2.5,0.94,3.18,0.22,18.44,0.69,0.33,0.0,1.53,0.08,1.67,1.31,1.12,2.18,0.0,0.0,0.0,1.8,0.72,0.0,1.43,2.09,0.0,2.0,0.7,0.0,0.0,0.0,2.32,0.0
lemon juice,0.31,0.2,0.0,2.51,0.04,1.07,0.7,5.04,0.0,43.0,0.46,0.44,0.0,1.0,0.0,2.0,1.15,0.57,2.71,5.0,0.0,0.0,2.62,0.64,0.0,1.43,0.45,0.18,1.78,0.52,0.0,0.0,0.0,2.19,0.93
lemongrass,1.36,1.75,0.0,2.98,6.3,5.36,2.6,8.8,0.0,0.0,1.77,0.0,0.0,0.0,0.0,0.0,0.0,0.0,0.0,0.0,0.0,0.0,0.0,0.0,0.0,0.0,0.0,0.0,0.0,0.0,0.0,0.0,0.0,0.0,0.0
lentil,2.46,0.0,0.0,22.62,0.0,0.0,47.2,0.0,0.0,0.0,4.75,39.78,0.0,0.0,0.0,0.0,0.0,0.0,0.0,0.0,0.0,0.0,0.0,29.92,0.0,25.48,35.09,0.0,93.11,68.26,0.0,0.0,0.0,20.19,0.0
lettuce,0.09,0.0,0.0,1.23,0.7,0.0,1.48,0.0,0.0,0.0,1.09,0.18,0.0,0.0,17.08,4.7,0.0,1.36,2.36,0.0,0.0,0.0,0.0,1.54,0.0,1.5,1.57,0.0,3.71,3.55,0.0,0.0,0.0,2.96,0.0
lima bean,1.1,0.99,0.0,7.35,0.35,17.5,13.68,2.96,1.11,26.0,2.62,17.44,0.0,2.13,4.67,18.08,7.92,9.19,12.0,8.5,0.0,0.0,4.94,10.88,0.0,13.81,7.09,3.27,35.33,53.04,0.0,0.0,0.0,9.94,7.27
lime,0.26,0.11,0.0,3.82,0.09,10.0,1.4,3.38,0.22,32.33,2.54,3.33,0.0,1.47,0.5,2.5,1.54,1.25,2.53,2.0,0.0,0.0,4.34,1.44,0.0,1.43,1.0,0.73,7.22,0.35,0.0,0.0,0.0,2.17,0.93
lime juice,0.09,0.04,0.0,3.06,0.09,1.43,0.84,3.38,0.22,33.33,1.08,0.5,0.0,1.47,0.5,2.08,1.15,0.89,2.24,2.5,0.0,0.0,2.46,1.12,0.0,1.9,0.73,0.18,3.0,0.78,0.0,0.0,0.0,2.49,0.93
lingonberry,0.0,0.0,0.0,0.0,0.0,0.0,0.0,0.0,0.0,0.0,0.0,0.0,0.0,0.0,0.0,0.0,0.0,0.0,0.0,0.0,0.0,0.0,0.0,0.0,0.0,0.0,0.0,0.0,0.0,0.0,0.0,0.0,0.0,0.0,0.0
liqueur,0.38,0.53,0.0,17.02,0.35,0.0,0.2,76.6,0.0,0.0,0.08,0.33,0.0,0.0,0.0,0.33,0.92,0.9,0.0,0.0,0.0,0.0,0.0,0.48,0.0,0.71,0.27,0.73,4.44,0.61,0.0,0.0,0.0,0.64,0.15
lobster,0.96,0.9,42.33,0.0,18.39,0.0,33.0,0.0,0.11,0.0,6.46,1.44,5.0,5.8,0.0,1.67,1.08,9.94,6.12,2.5,52.08,0.0,29.0,12.88,0.0,9.05,32.09,115.64,150.0,2.43,0.0,0.0,0.0,4.26,12.78
lychee,1.54,1.35,0.0,25.71,0.13,16.43,7.6,132.2,0.0,203.33,2.54,9.44,0.0,2.07,1.33,0.83,43.85,19.38,5.29,3.0,0.0,0.0,0.0,14.48,0.0,10.0,2.55,2.36,70.11,10.17,0.0,0.0,0.0,23.62,2.31
macadamia nut,97.18,60.5,0.0,5.02,0.22,30.71,15.82,9.14,0.0,1.33,6.54,20.5,0.0,3.6,0.0,100.0,12.46,15.44,16.18,2.75,0.0,0.0,15.16,15.04,0.0,30.95,11.82,6.55,84.0,179.57,0.0,0.0,0.0,7.83,0.0
mandoline,0.0,0.0,0.0,0.0,0.0,0.0,0.0,0.0,0.0,0.0,0.0,0.0,0.0,0.0,0.0,0.0,0.0,0.0,0.0,0.0,0.0,0.0,0.0,0.0,0.0,0.0,0.0,0.0,0.0,0.0,0.0,0.0,0.0,0.0,0.0
mango,0.49,0.46,0.0,5.45,0.04,5.71,1.64,27.4,6.0,40.44,0.85,0.89,0.0,6.0,3.5,2.33,2.92,4.18,7.0,10.75,0.0,0.0,3.94,1.12,0.0,2.38,0.82,1.09,12.33,2.74,0.0,0.0,0.0,3.57,1.38
maple syrup,0.08,0.03,0.0,24.36,0.52,0.0,0.08,121.0,0.0,0.0,7.85,0.61,0.0,0.0,0.0,5.5,97.69,0.51,0.12,0.0,0.0,0.0,0.72,0.16,0.0,5.0,13.36,1.09,2.0,126.52,0.0,0.0,0.0,4.51,0.29
margarita,0.0,0.0,0.0,0.0,0.0,0.0,0.0,0.0,0.0,0.0,0.0,0.0,0.0,0.0,0.0,0.0,0.0,0.0,0.0,0.0,0.0,0.0,0.0,0.0,0.0,0.0,0.0,0.0,0.0,0.0,0.0,0.0,0.0,0.0,0.0
marinade,0.0,0.0,0.0,0.0,0.0,0.0,0.0,0.0,0.0,0.0,0.0,0.0,0.0,0.0,0.0,0.0,0.0,0.0,0.0,0.0,0.0,0.0,0.0,0.0,0.0,0.0,0.0,0.0,0.0,0.0,0.0,0.0,0.0,0.0,0.0
marsala,0.0,0.0,0.0,0.0,0.0,0.0,0.0,0.0,0.0,0.0,0.0,0.0,0.0,0.0,0.0,0.0,0.0,0.0,0.0,0.0,0.0,0.0,0.0,0.0,0.0,0.0,0.0,0.0,0.0,0.0,0.0,0.0,0.0,0.0,0.0
marscarpone,0.0,0.0,0.0,0.0,0.0,0.0,0.0,0.0,0.0,0.0,0.0,0.0,0.0,0.0,0.0,0.0,0.0,0.0,0.0,0.0,0.0,0.0,0.0,0.0,0.0,0.0,0.0,0.0,0.0,0.0,0.0,0.0,0.0,0.0,0.0
marshmallow,0.26,0.28,0.0,29.56,3.48,0.36,3.6,115.2,0.0,0.0,0.23,1.28,0.0,0.0,0.0,0.08,0.08,0.49,0.18,0.25,0.0,0.0,0.1,0.64,0.0,0.48,0.36,3.09,10.78,0.35,0.0,0.0,0.0,0.11,0.02
martini,0.0,0.0,0.0,0.0,0.0,0.0,0.0,0.0,0.0,0.0,0.0,0.0,0.0,0.0,0.0,0.0,0.0,0.0,0.0,0.0,0.0,0.0,0.0,0.0,0.0,0.0,0.0,0.0,0.0,0.0,0.0,0.0,0.0,0.0,0.0
mayonnaise,24.36,14.8,8.67,8.69,36.39,0.0,1.8,8.68,2.33,0.0,1.08,1.44,0.0,20.47,20.58,0.83,1.54,0.0,1.18,1.5,8.75,0.0,1.32,2.4,0.0,0.48,1.64,2.91,0.11,0.0,0.0,0.0,0.0,0.51,1.55
meat,18.72,29.1,23.33,0.4,11.61,0.71,26.8,1.6,2.33,2.67,2.62,7.67,1.0,1.87,0.42,4.92,13.23,9.25,4.71,2.75,12.08,0.0,9.62,8.24,0.0,2.62,17.27,24.18,7.56,0.0,0.0,0.0,0.0,2.43,10.33
meatball,11.54,7.1,0.0,2.91,23.91,16.43,42.0,2.5,0.0,0.0,1.92,12.0,0.0,11.53,0.0,78.17,16.38,15.62,11.76,19.5,62.5,0.0,10.0,27.52,0.0,4.29,16.36,1.45,78.44,0.0,0.0,0.0,0.0,3.83,16.07
meatloaf,11.54,7.1,0.0,2.91,23.91,16.43,42.0,2.4,0.0,0.0,2.23,11.67,0.0,11.53,0.0,75.0,46.15,62.5,70.59,19.5,100.0,0.0,0.0,27.52,0.0,4.29,16.36,1.45,78.44,0.0,0.0,0.0,0.0,3.83,13.29
melon,1.62,0.0,0.0,2.75,0.09,0.0,3.56,0.0,0.78,5.89,1.0,6.28,0.0,0.0,0.0,2.08,1.15,3.53,3.71,0.75,0.0,0.0,3.66,2.96,0.0,9.52,4.36,0.0,2.22,1.7,0.0,0.0,0.0,2.62,0.0
mezcal,0.0,0.0,0.0,0.0,0.0,0.0,0.0,0.0,0.0,0.0,0.0,0.0,0.0,0.0,0.0,0.0,0.0,0.0,0.0,0.0,0.0,0.0,0.0,0.0,0.0,0.0,0.0,0.0,0.0,0.0,0.0,0.0,0.0,0.0,0.0
milk/cream,0.0,0.0,0.0,0.0,0.0,0.0,0.0,0.0,0.0,0.0,0.0,0.0,0.0,0.0,0.0,0.0,0.0,0.0,0.0,0.0,0.0,0.0,0.0,0.0,0.0,0.0,0.0,0.0,0.0,0.0,0.0,0.0,0.0,0.0,0.0
mint,15.26,41.65,0.0,28.91,0.04,8.57,3.34,133.2,0.0,0.0,1.0,3.17,0.0,0.0,0.0,0.0,0.0,0.0,0.0,0.0,0.0,0.0,0.0,0.0,0.0,0.0,0.0,0.0,0.0,0.0,0.0,0.0,0.0,0.0,0.0
molasses,0.13,0.09,0.0,27.16,1.61,0.0,0.0,149.4,0.0,0.0,15.77,26.22,0.0,0.0,0.0,3.42,0.15,5.81,39.41,0.0,0.0,0.0,16.08,2.48,0.0,57.62,2.64,32.36,54.11,66.52,0.0,0.0,0.0,31.06,2.42
monterey jack,41.79,96.0,33.27,0.69,28.78,0.0,45.2,0.0,0.0,0.0,55.0,0.0,0.0,0.0,0.0,0.0,0.0,0.0,0.0,0.0,0.0,0.0,0.0,37.68,23.93,7.05,34.36,0.0,0.0,0.48,0.0,0.0,0.0,1.76,0.0
mozzarella,23.59,33.65,11.0,8.33,36.43,7.5,29.8,5.6,12.56,0.0,24.54,2.39,0.0,4.73,18.5,6.08,20.0,4.12,3.94,0.0,41.25,0.0,8.2,24.56,0.0,4.76,18.18,32.0,6.56,10.39,0.0,0.0,0.0,2.26,0.0
muffin,20.64,14.2,10.0,19.27,14.61,3.93,8.98,63.0,2.33,1.0,3.38,7.22,20.0,10.87,32.67,14.0,12.54,8.88,2.35,18.25,6.67,0.0,9.4,11.68,0.0,2.38,3.36,14.91,6.67,19.52,0.0,0.0,0.0,2.57,16.82
mushroom,0.58,0.0,0.0,2.46,0.04,11.21,4.36,0.0,0.0,0.0,0.03,4.11,74.0,0.0,0.0,0.66,16.0,40.0,6.18,0.0,0.0,26.9,0.0,6.87,0.0,2.5,4.53,0.69,8.11,6.78,0.0,0.0,0.0,8.0,0.0
mussel,2.87,2.12,9.33,1.34,12.43,0.0,23.8,0.0,5.33,8.89,2.0,21.94,0.0,3.67,0.08,13.33,16.15,10.0,2.94,10.5,500.0,0.0,10.0,15.76,0.0,8.1,14.55,81.45,10.44,147.83,0.0,0.0,0.0,6.81,11.82
mustard,128.21,58.0,0.0,0.0,0.0,0.0,0.0,0.0,0.0,0.0,0.0,0.0,0.0,0.0,0.0,0.0,0.0,0.0,0.0,0.0,0.0,0.0,0.0,0.0,0.0,0.0,0.0,0.0,0.0,0.0,0.0,0.0,0.0,0.0,0.0
mustard greens,0.54,0.05,0.0,1.7,0.87,11.43,5.72,2.64,16.78,77.78,8.85,9.11,0.0,13.4,215.0,6.67,8.46,5.0,10.59,3.0,0.0,0.0,4.2,4.64,0.0,7.62,2.27,1.64,18.33,0.0,0.0,0.0,0.0,8.17,0.09
nectarine,0.41,0.12,0.0,3.85,0.0,6.07,2.12,15.78,1.89,6.0,0.46,1.56,0.0,5.13,1.83,2.83,2.08,7.0,1.47,1.25,0.0,0.0,3.7,2.08,0.0,2.14,1.55,0.0,9.56,2.35,0.0,0.0,0.0,4.28,1.13
noodle,0.26,0.11,0.0,8.73,0.83,3.57,3.58,0.06,0.0,0.0,0.31,0.78,0.0,0.2,0.0,1.5,0.31,0.45,0.35,0.25,0.0,0.0,0.22,1.6,0.0,0.71,2.27,8.18,4.22,4.96,0.0,0.0,0.0,0.09,0.29
nut,49.87,0.0,0.0,13.2,0.21,14.64,34.8,0.0,0.0,0.0,3.23,33.28,0.0,0.0,0.0,0.0,0.0,0.0,0.0,0.0,0.0,0.0,0.0,42.56,0.0,59.76,46.09,37.64,246.67,84.78,0.0,0.0,0.0,13.57,0.0
nutmeg,128.21,450.0,0.0,0.0,0.0,0.0,0.0,0.0,0.0,0.0,0.0,0.0,0.0,1.33,0.0,0.0,0.0,0.0,0.0,0.0,0.0,0.0,0.0,0.0,0.0,0.0,0.0,0.0,0.0,0.0,0.0,0.0,0.0,0.0,0.0
oat,128.21,98.0,0.0,0.0,0.0,0.0,0.0,0.0,0.0,0.0,0.0,0.0,0.0,96.0,20.58,0.0,0.0,0.0,0.0,0.0,0.0,0.0,0.0,0.0,0.0,0.0,0.0,0.0,0.0,0.0,0.0,0.0,0.0,0.0,0.0
oatmeal,5.64,3.52,0.0,17.64,19.43,14.29,16.8,16.28,0.56,0.0,5.08,15.0,0.0,3.2,1.25,33.25,18.46,19.62,4.0,21.75,1.25,0.0,6.82,10.08,0.0,8.81,9.27,44.73,23.22,40.87,0.0,0.0,0.0,3.02,3.4
octopus,1.03,1.0,13.67,0.0,0.0,0.0,24.6,0.0,0.0,0.0,2.69,27.22,0.0,0.0,0.0,2.5,3.08,12.5,0.0,0.0,0.0,0.0,0.0,12.64,0.0,0.0,13.0,0.0,41.11,0.91,0.0,0.0,0.0,0.0,0.0
olive,21.15,29.25,12.67,3.35,41.91,0.0,23.6,0.0,6.67,0.0,8.38,3.0,5.5,1.67,2.83,24.58,20.0,11.5,13.53,0.5,52.5,0.0,15.4,10.16,0.0,4.52,12.55,29.82,5.56,1.52,0.0,0.0,0.0,6.32,12.13
onion,0.13,0.21,0.0,3.4,0.17,6.07,2.2,8.48,0.0,8.22,1.77,1.17,0.0,0.13,0.33,3.83,2.08,0.73,7.06,4.75,0.0,0.0,2.46,2.32,0.0,2.38,1.55,0.91,4.33,5.61,0.0,0.0,0.0,3.11,1.11
orange,0.0,0.0,0.0,24.11,2.43,2.5,0.6,120.0,0.33,5.33,2.92,0.83,0.0,0.4,0.0,0.42,1.92,0.33,1.12,2.25,0.0,0.0,0.3,0.32,0.0,0.48,0.36,1.09,10.0,0.87,0.0,0.0,0.0,0.79,0.55
orange juice,0.38,0.18,0.0,3.71,0.0,0.36,1.2,16.52,0.33,69.44,0.92,0.94,0.0,0.27,0.08,3.75,2.15,1.49,3.18,6.5,0.0,0.0,2.74,0.88,0.0,2.14,0.55,0.18,5.11,0.0,0.0,0.0,0.0,3.91,1.13
oregano,5.49,7.75,0.0,25.05,1.09,151.79,18.0,8.18,9.44,2.56,123.08,204.44,0.0,122.0,518.33,14.75,40.62,29.0,61.18,59.25,0.0,0.0,18.42,11.84,0.0,64.29,24.45,8.18,70.33,216.96,0.0,0.0,0.0,26.81,5.87
orzo,0.0,0.0,0.0,0.0,0.0,0.0,0.0,0.0,0.0,0.0,0.0,0.0,0.0,0.0,0.0,0.0,0.0,0.0,0.0,0.0,0.0,0.0,0.0,0.0,0.0,0.0,0.0,0.0,0.0,0.0,0.0,0.0,0.0,0.0,0.0
oyster,0.24,0.0,0.0,2.52,0.05,10.18,5.8,0.0,0.0,0.0,0.0,3.88,8.1,0.0,0.0,5.83,18.77,35.94,5.82,0.0,0.0,23.47,0.0,6.9,0.0,3.31,6.22,2.51,11.78,3.72,0.0,0.0,0.0,6.0,0.0
papaya,0.33,0.4,0.0,3.93,0.35,6.07,0.94,15.64,5.22,67.67,1.54,1.39,0.0,2.0,2.17,1.92,2.08,2.23,2.24,9.25,0.0,0.0,3.82,0.8,0.0,5.0,0.73,1.09,5.0,1.74,0.0,0.0,0.0,3.87,1.11
paprika,16.54,10.7,0.0,19.64,2.96,124.64,28.2,20.6,273.33,1.0,17.62,117.22,0.0,194.0,66.92,27.5,94.62,63.12,125.88,12.25,0.0,0.0,50.2,25.12,0.0,42.38,39.36,11.45,79.22,69.13,0.0,0.0,0.0,48.51,9.36
parmesan,35.64,77.0,28.67,5.05,78.26,0.0,56.8,0.14,29.11,0.0,65.62,2.72,105.0,3.53,1.42,2.17,27.54,0.5,4.76,1.5,58.33,0.0,9.0,50.16,0.0,8.1,38.18,62.55,4.44,3.09,0.0,0.0,0.0,3.83,2.56
parsley,1.01,0.66,0.0,2.3,2.43,11.79,5.94,1.7,46.78,147.78,10.62,34.44,0.0,5.0,1366.67,7.17,7.54,8.19,5.29,38.0,0.0,0.0,8.0,4.64,0.0,11.9,9.73,0.18,16.56,6.96,0.0,0.0,0.0,11.79,2.33
passion fruit,0.06,0.02,0.0,4.95,0.26,0.71,0.78,26.8,4.0,33.11,0.31,1.33,0.0,0.07,0.33,0.0,10.08,9.12,2.94,1.75,0.0,0.0,0.0,1.04,0.0,4.05,0.45,0.18,5.89,0.0,0.0,0.0,0.0,5.91,0.73
pea,3.1,0.0,0.0,22.47,0.15,0.0,42.4,0.0,0.0,0.0,5.49,32.94,0.0,0.0,0.0,0.0,0.0,0.0,0.0,0.0,0.0,0.0,0.0,34.24,0.0,43.81,33.18,0.0,104.0,56.09,0.0,0.0,0.0,26.38,0.0
peach,12.82,7.55,0.0,11.96,9.43,2.86,3.8,32.4,1.11,1.0,0.62,2.78,0.0,6.27,2.75,5.08,2.54,1.25,1.35,11.5,0.0,0.0,2.28,1.76,0.0,1.43,0.82,2.36,5.89,6.61,0.0,0.0,0.0,2.66,1.31
peanut,0.0,81.0,0.0,0.0,0.0,0.0,0.0,0.0,0.0,0.0,0.0,0.0,0.0,101.33,3.55,0.0,0.0,0.0,0.0,0.0,0.0,0.0,0.0,0.0,0.0,0.0,0.0,0.0,0.0,0.0,0.0,0.0,0.0,0.0,0.0
peanut butter,63.33,42.1,0.0,8.25,9.61,22.57,48.0,0.0,0.0,0.0,3.83,10.28,0.0,36.07,0.0,10.08,0.0,107.5,22.35,0.0,0.0,292.67,0.0,31.44,0.0,45.95,27.82,36.73,60.0,73.04,0.0,0.0,0.0,13.91,0.0
peanut free,39.74,43.1,5.67,18.36,19.48,12.14,20.6,0.0,0.0,0.0,0.0,13.78,0.0,23.4,29.0,28.33,17.08,34.62,6.59,29.25,0.0,0.0,0.0,10.56,0.0,11.67,9.55,30.18,22.11,0.0,0.0,0.0,0.0,4.3,7.0
pear,0.18,0.11,0.0,5.53,0.04,11.07,0.72,19.5,0.11,4.78,0.69,1.0,0.0,0.8,3.67,1.0,2.0,1.01,1.71,1.75,0.0,0.0,0.98,0.96,0.0,1.67,0.91,0.18,9.11,2.09,0.0,0.0,0.0,2.47,0.93
pecan,92.31,30.9,0.0,5.05,0.0,34.29,18.34,7.94,0.33,1.22,5.38,14.06,0.0,9.33,2.92,55.0,10.0,7.31,12.35,5.5,0.0,0.0,17.26,22.16,0.0,28.81,41.18,6.91,133.33,195.65,0.0,0.0,0.0,8.72,7.36
pepper,0.58,0.24,0.0,1.95,0.57,12.14,3.32,3.9,1.89,91.89,1.08,2.56,0.0,4.6,7.92,6.75,4.15,7.75,21.0,7.25,0.0,0.0,5.3,2.56,0.0,4.05,2.27,0.55,10.44,4.35,0.0,0.0,0.0,5.45,1.35
pernod,0.0,0.0,0.0,0.0,0.0,0.0,0.0,0.0,0.0,0.0,0.0,0.0,0.0,0.0,0.0,0.0,0.0,0.0,0.0,0.0,0.0,0.0,0.0,0.0,0.0,0.0,0.0,0.0,0.0,0.0,0.0,0.0,0.0,0.0,0.0
persimmon,0.76,0.0,0.0,26.69,0.09,51.79,2.76,0.0,4.22,0.0,1.92,4.11,0.0,0.0,0.0,0.0,2.23,1.12,0.0,0.0,0.0,0.0,0.0,6.48,0.0,7.38,3.82,0.0,49.11,60.43,0.0,0.0,0.0,17.06,0.0
phyllo/puff pastry dough,0.0,0.0,0.0,0.0,0.0,0.0,0.0,0.0,0.0,0.0,0.0,0.0,0.0,0.0,0.0,0.0,0.0,0.0,0.0,0.0,0.0,0.0,0.0,0.0,0.0,0.0,0.0,0.0,0.0,0.0,0.0,0.0,0.0,0.0,0.0
pickles,0.9,0.7,0.0,3.55,72.61,8.93,1.8,9.6,0.33,0.0,1.92,4.28,0.0,0.2,3.08,4.17,5.38,4.12,8.24,5.0,0.0,0.0,0.0,0.72,0.0,1.43,2.09,1.09,19.22,0.0,0.0,0.0,0.0,0.26,2.16
pine nut,87.69,24.5,0.0,4.76,0.09,13.21,27.4,7.18,0.11,0.89,1.23,30.72,0.0,62.2,44.92,30.33,17.46,27.44,5.53,8.5,0.0,0.0,6.26,46.0,0.0,59.76,58.64,1.27,146.67,382.61,0.0,0.0,0.0,12.7,10.15
pineapple,0.27,0.0,0.0,5.13,0.0,3.34,0.92,0.0,0.0,65.11,0.96,0.3,0.0,0.0,0.0,5.32,0.0,1.43,6.47,0.0,0.0,0.0,0.0,0.43,0.0,3.19,0.97,0.0,10.6,37.65,0.0,0.0,0.0,2.91,0.0
pistachio,58.08,29.55,0.0,9.89,0.04,37.86,40.4,15.32,2.89,6.22,8.08,21.78,0.0,19.07,0.0,72.5,12.31,8.12,100.0,12.75,0.0,0.0,10.4,39.2,0.0,28.81,20.0,12.73,144.44,52.17,0.0,0.0,0.0,21.7,0.0
plantain,0.1,0.36,0.0,10.62,0.09,9.29,2.18,4.5,0.0,10.11,0.23,1.67,0.0,0.0,3.17,4.17,5.0,2.44,12.94,0.0,0.0,0.0,7.6,1.92,0.0,6.67,1.27,0.0,8.89,4.74,0.0,0.0,0.0,6.15,0.0
plum,0.36,0.09,0.0,4.15,0.0,5.0,1.4,19.84,1.89,10.56,0.46,0.94,0.0,1.73,5.33,2.33,2.0,2.61,1.71,1.25,0.0,0.0,2.7,1.28,0.0,1.67,0.91,0.0,6.33,2.26,0.0,0.0,0.0,3.34,0.35
pomegranate,1.5,0.6,0.0,6.8,0.13,14.29,3.34,27.4,0.0,11.33,0.77,1.67,0.0,4.0,13.67,5.58,4.08,1.83,4.41,9.5,0.0,0.0,7.54,2.88,0.0,2.86,3.18,0.91,17.56,5.17,0.0,0.0,0.0,5.02,1.38
pomegranate juice,0.37,0.39,0.0,4.76,0.39,0.36,0.3,25.2,0.0,0.11,0.85,0.56,0.0,2.53,8.67,1.25,1.15,1.46,2.35,6.0,0.0,0.0,5.7,0.88,0.0,1.67,0.82,0.55,2.33,4.13,0.0,0.0,0.0,4.55,0.87
poppy,53.33,22.6,0.0,10.22,1.13,69.64,36.0,5.98,0.0,1.11,110.77,54.22,0.0,11.8,0.0,71.17,7.69,5.6,14.53,20.5,0.0,0.0,6.48,69.6,0.0,82.62,71.82,24.55,181.11,291.74,0.0,0.0,0.0,15.3,1.6
pork,13.46,16.15,29.67,0.0,45.65,0.0,38.2,0.0,2.56,0.0,1.46,6.33,0.0,1.13,0.0,6.67,5.23,6.88,3.76,0.25,21.25,0.0,6.88,4.8,0.0,1.43,21.64,47.82,9.11,0.96,0.0,0.0,0.0,1.0,0.0
pork chop,12.33,18.0,17.33,0.31,16.43,0.0,37.4,0.56,0.0,1.89,1.08,3.33,0.0,0.0,0.0,0.0,0.0,0.0,0.0,0.0,0.0,0.0,0.0,0.0,0.0,5.0,13.64,0.0,11.11,0.0,0.0,0.0,0.0,6.53,0.0
pork rib,15.13,11.85,24.67,0.0,2.74,0.0,38.6,0.0,0.22,0.0,1.69,4.72,145.0,1.53,0.0,31.25,19.46,19.25,31.71,0.0,41.67,0.0,32.2,15.44,0.0,5.0,25.27,58.73,8.67,0.48,0.0,0.0,0.0,6.77,14.8
pork tenderloin,5.0,4.33,19.87,0.0,1.8,0.0,43.2,0.0,0.0,0.0,0.35,5.16,0.0,0.0,0.0,0.0,0.0,0.0,0.0,0.0,0.0,0.0,0.0,17.36,0.0,5.88,16.09,0.0,8.58,0.11,0.0,0.0,0.0,8.45,0.0
potato,4.01,0.0,0.0,17.13,16.3,22.5,25.0,18.76,2.67,0.0,14.46,12.5,10.0,3.13,5.67,15.67,8.15,7.81,13.65,37.25,6.25,0.0,16.34,29.52,0.0,6.67,13.09,17.27,10.44,11.0,0.0,0.0,0.0,15.28,3.35
poultry,30.51,36.95,30.67,2.29,60.0,0.0,20.6,3.94,0.0,0.0,9.62,6.89,170.0,3.93,1.42,3.92,12.15,19.94,11.35,1.75,19.58,0.0,15.42,16.96,0.0,3.57,9.64,26.18,3.89,1.65,0.0,0.0,0.0,6.81,10.78
poultry sausage,30.51,36.95,30.67,2.29,60.0,0.0,20.6,3.94,0.0,0.0,9.62,6.89,170.0,3.93,1.42,3.92,12.15,19.94,11.35,1.75,19.58,0.0,15.42,16.96,0.0,3.57,9.64,26.18,3.89,1.65,0.0,0.0,0.0,6.81,10.78
prosciutto,0.0,0.0,0.0,0.0,0.0,0.0,0.0,0.0,0.0,0.0,0.0,0.0,0.0,0.0,0.0,0.0,0.0,0.0,0.0,0.0,0.0,0.0,0.0,0.0,0.0,0.0,0.0,0.0,0.0,0.0,0.0,0.0,0.0,0.0,0.0
prune,0.26,0.08,0.0,23.67,1.0,11.79,4.2,78.0,11.11,4.78,2.38,15.56,0.0,0.0,0.0,3.33,0.0,15.62,0.0,0.0,0.0,0.0,8.6,5.76,0.0,0.0,0.0,0.0,0.0,0.0,0.0,0.0,0.0,18.13,0.0
pumpkin,0.13,0.26,0.0,2.36,0.04,1.79,2.0,5.52,47.33,10.0,1.62,4.44,0.0,7.07,0.92,4.17,8.46,3.75,3.59,4.0,0.0,0.0,5.96,3.52,0.0,2.86,2.91,0.55,14.11,5.43,0.0,0.0,0.0,7.23,1.49
punch,0.13,0.1,0.0,4.62,0.17,1.43,0.4,21.2,0.0,23.56,4.92,1.67,0.0,0.07,0.08,0.83,1.54,0.62,2.94,0.25,0.0,0.0,1.12,0.88,0.0,1.67,0.36,0.18,2.22,3.91,0.0,0.0,0.0,1.83,0.4
quail,18.08,19.8,28.67,0.0,2.26,0.0,50.2,0.0,7.78,2.56,1.15,24.61,40.0,4.67,3.5,18.33,23.08,49.5,36.47,1.5,15.0,0.0,0.0,22.32,0.0,5.24,28.18,39.64,65.78,0.0,0.0,0.0,0.0,4.6,11.98
quince,0.13,0.05,0.0,5.56,0.17,6.79,0.8,0.0,0.22,16.67,0.85,3.89,0.0,0.0,0.0,1.67,2.31,1.25,2.35,0.75,0.0,0.0,1.62,1.36,0.0,1.9,0.36,1.09,14.44,0.0,0.0,0.0,0.0,4.19,0.0
quinoa,2.46,1.16,0.0,7.75,0.3,10.0,8.8,1.74,0.0,0.0,1.31,8.28,0.0,4.2,0.0,8.92,8.46,2.57,7.24,10.5,0.0,0.0,0.0,12.16,0.0,15.24,9.91,5.09,21.33,27.43,0.0,0.0,0.0,3.66,4.18
rabbit,2.97,3.45,27.0,0.0,2.17,0.0,43.6,0.0,0.0,0.0,0.92,17.78,0.0,0.0,0.0,2.5,4.62,40.62,0.0,0.0,0.0,0.0,0.0,18.08,0.0,6.9,0.0,17.09,0.0,0.0,0.0,0.0,0.0,8.04,0.0
rack of lamb,12.77,21.5,20.67,0.02,2.7,0.0,39.8,0.0,0.78,0.0,0.62,7.56,0.5,2.33,0.0,5.17,13.23,31.37,13.94,0.0,42.92,0.0,11.68,14.88,0.0,5.24,19.73,5.09,11.22,0.35,0.0,0.0,0.0,6.89,0.0
radicchio,0.32,0.3,0.0,1.63,0.96,3.21,2.86,1.2,0.11,8.89,1.46,3.17,0.0,15.07,212.5,1.33,2.15,1.59,3.35,15.0,0.0,0.0,5.38,3.2,0.0,3.1,5.64,1.64,37.89,6.0,0.0,0.0,0.0,6.43,1.98
radish,0.13,0.16,0.0,1.24,1.7,5.71,1.36,3.72,0.0,16.44,1.92,1.89,0.0,0.0,1.08,1.0,3.0,1.59,4.18,6.25,0.0,0.0,3.3,1.6,0.0,2.38,2.55,1.09,5.56,3.0,0.0,0.0,0.0,4.96,1.18
raisin,0.69,0.89,0.0,28.55,1.22,24.29,5.04,0.0,0.0,6.0,2.15,14.39,0.0,0.0,0.0,9.33,14.0,6.94,11.06,0.75,0.0,0.0,0.9,6.0,0.0,7.14,1.64,1.09,33.56,11.61,0.0,0.0,0.0,17.55,0.0
raspberry,0.24,0.0,0.0,4.69,0.0,0.0,2.02,0.0,0.0,25.56,1.26,2.5,0.0,0.0,0.0,0.0,0.0,0.0,0.0,0.0,0.0,11.43,0.0,2.2,0.0,4.57,2.01,0.0,5.88,21.48,0.0,0.0,0.0,3.32,0.0
red wine,0.0,0.0,0.0,0.1,0.35,0.0,0.08,0.0,0.0,0.56,0.46,2.5,0.0,0.0,0.0,0.0,0.0,0.0,0.0,0.0,0.0,0.0,0.0,0.64,0.0,0.95,0.27,0.0,1.11,2.0,0.0,0.0,0.0,0.83,0.0
rhubarb,0.26,0.27,0.0,1.65,0.17,6.43,1.8,2.2,0.56,8.89,6.62,1.22,0.0,1.8,24.42,1.67,2.31,1.88,1.41,1.75,0.0,0.0,1.7,1.12,0.0,2.86,0.91,2.0,2.33,8.52,0.0,0.0,0.0,6.13,1.11
rice,6.41,0.0,0.0,30.04,10.13,0.0,20.0,0.0,0.0,0.0,0.0,0.0,0.0,8.4,1.75,36.33,7.77,34.62,32.59,5.5,0.0,0.0,32.4,28.96,0.0,37.14,20.0,46.36,33.44,176.96,0.0,0.0,0.0,5.17,6.07
ricotta,14.1,34.85,16.0,2.49,4.57,0.0,15.62,0.0,14.11,0.0,17.23,0.56,0.0,1.8,0.5,3.58,25.15,1.05,5.82,0.0,32.5,0.0,13.46,12.96,0.0,4.69,5.09,10.0,0.0,0.0,0.0,0.0,0.0,4.89,0.0
roast,17.18,18.7,25.33,0.0,3.17,0.0,48.0,0.0,0.0,0.0,0.92,7.0,0.0,0.0,0.0,4.75,11.0,46.38,20.59,1.25,11.25,0.0,18.36,14.32,0.0,4.76,13.18,42.91,6.44,0.78,0.0,0.0,0.0,4.49,0.0
root vegetable,0.19,0.12,0.0,6.29,0.22,11.79,3.06,5.8,0.0,3.33,3.15,4.44,0.0,2.53,1.33,0.83,2.31,1.88,14.12,5.75,0.0,0.0,6.42,4.08,0.0,9.05,3.0,1.27,8.56,10.09,0.0,0.0,0.0,6.55,2.13
rosemary,7.51,14.2,0.0,7.53,1.13,50.36,6.62,0.0,16.22,24.22,24.38,36.94,0.0,0.0,0.0,3.0,11.69,5.7,19.76,27.25,0.0,0.0,16.08,5.28,0.0,21.67,8.45,0.0,33.44,41.74,0.0,0.0,0.0,14.21,0.0
rosh hashanah/yom kippur,0.0,0.0,0.0,0.0,0.0,0.0,0.0,0.0,0.0,0.0,0.0,0.0,0.0,0.0,0.0,0.0,0.0,0.0,0.0,0.0,0.0,0.0,0.0,0.0,0.0,0.0,0.0,0.0,0.0,0.0,0.0,0.0,0.0,0.0,0.0
rosé,0.0,0.0,0.0,0.0,0.0,0.0,0.0,0.0,0.0,0.0,0.0,0.0,0.0,0.0,0.0,0.0,0.0,0.0,0.0,0.0,0.0,0.0,0.0,0.0,0.0,0.0,0.0,0.0,0.0,0.0,0.0,0.0,0.0,0.0,0.0
rub,0.0,0.0,0.0,0.0,0.0,0.0,0.0,0.0,0.0,0.0,0.0,0.0,0.0,0.0,0.0,0.0,0.0,0.0,0.0,0.0,0.0,0.0,0.0,0.0,0.0,0.0,0.0,0.0,0.0,0.0,0.0,0.0,0.0,0.0,0.0
rum,0.0,0.0,0.0,0.0,0.04,0.0,0.0,0.0,0.0,0.0,0.0,0.67,0.0,0.0,0.0,0.67,0.0,0.0,0.0,0.0,0.0,0.0,0.0,0.4,0.0,0.0,0.64,0.0,5.56,0.78,0.0,0.0,0.0,0.04,0.0
rutabaga,0.21,0.14,0.0,3.13,0.52,8.21,2.16,8.92,0.0,27.78,3.31,2.44,0.0,2.0,0.25,7.5,3.08,4.38,5.88,5.25,0.0,0.0,3.2,4.24,0.0,4.76,2.18,1.27,3.56,5.7,0.0,0.0,0.0,6.49,2.56
rye,4.23,3.13,0.0,17.56,26.22,20.71,17.0,7.7,0.0,0.44,5.62,15.72,0.0,2.2,1.0,36.17,25.77,23.75,4.41,37.75,0.0,0.0,8.8,10.0,0.0,9.52,10.36,56.18,20.67,35.83,0.0,0.0,0.0,3.53,2.65
saffron,7.5,7.95,0.0,23.78,6.43,13.93,22.8,0.0,3.0,89.78,8.54,61.67,0.0,0.0,0.0,9.58,20.54,9.12,59.41,23.25,0.0,0.0,0.0,20.16,0.0,62.86,9.91,10.18,36.44,1234.78,0.0,0.0,0.0,36.6,0.0
sage,16.41,35.15,0.0,22.07,0.48,143.93,21.2,3.42,32.78,36.0,126.92,156.11,0.0,49.87,1425.0,62.83,25.85,35.75,158.24,68.5,0.0,0.0,0.0,7.28,0.0,101.9,42.73,6.73,84.11,136.09,0.0,0.0,0.0,22.77,7.93
sake,0.0,0.0,0.0,1.82,0.09,0.0,1.0,0.0,0.0,0.0,0.38,0.56,0.0,0.0,0.0,0.0,0.0,0.0,0.0,0.0,0.0,0.0,0.0,0.48,0.0,1.43,0.18,2.55,1.0,0.0,0.0,0.0,0.0,0.53,0.0
salad,11.87,7.7,4.33,3.42,17.48,0.0,32.0,0.0,2.67,2.44,1.31,5.56,0.0,0.0,0.0,2.58,5.38,41.88,4.76,2.0,50.0,0.0,5.2,14.24,0.0,4.52,5.09,74.91,16.11,1.74,0.0,0.0,0.0,3.79,0.0
salad dressing,33.59,11.95,0.0,11.6,49.13,2.5,1.38,35.4,3.22,6.67,1.0,3.33,0.0,22.13,44.75,2.42,3.54,3.71,5.71,1.25,0.0,0.0,8.0,1.6,0.0,2.38,2.0,2.91,6.44,2.74,0.0,0.0,0.0,3.68,0.84
salmon,128.21,99.5,161.67,0.0,0.0,0.0,0.0,0.0,0.0,0.0,0.0,0.0,0.0,0.0,0.0,0.0,0.0,0.0,0.0,0.0,0.0,0.0,0.0,0.0,0.0,0.0,0.0,0.0,0.0,0.0,0.0,0.0,0.0,0.0,0.0
salsa,12.19,12.45,3.0,4.04,34.61,2.5,6.28,3.9,3.67,0.44,7.54,0.78,0.0,12.4,14.67,1.0,5.0,0.85,2.53,1.5,10.42,0.0,11.42,16.0,0.0,1.9,3.73,5.82,0.44,0.83,0.0,0.0,0.0,2.23,1.44
sangria,0.0,0.0,0.0,0.0,0.0,0.0,0.0,0.0,0.0,0.0,0.0,0.0,0.0,0.0,0.0,0.0,0.0,0.0,0.0,0.0,0.0,0.0,0.0,0.0,0.0,0.0,0.0,0.0,0.0,0.0,0.0,0.0,0.0,0.0,0.0
sardine,128.21,149.5,236.67,0.0,0.0,0.0,0.0,0.0,0.0,0.0,0.0,0.0,41.5,0.0,0.0,0.0,0.0,0.0,0.0,0.0,0.0,0.0,0.0,0.0,0.0,0.0,0.0,0.0,0.0,0.0,0.0,0.0,0.0,0.0,0.0
sauce,23.46,42.2,7.67,22.0,139.13,3.57,15.36,20.6,6.22,1.0,15.69,2.78,0.0,0.0,0.0,17.58,52.15,15.0,10.71,33.5,19.17,0.0,30.0,22.64,0.0,8.57,10.09,0.0,9.44,2.26,0.0,0.0,0.0,9.11,0.0
sausage,36.15,46.55,20.33,0.34,35.96,0.0,24.0,1.88,0.0,0.0,0.85,3.28,5.5,1.67,0.0,17.67,13.85,17.56,10.53,0.25,27.5,0.0,10.72,12.56,0.0,2.62,11.91,33.27,19.56,0.48,0.0,0.0,0.0,10.28,11.11
sauté,0.0,0.0,0.0,0.0,0.0,0.0,0.0,0.0,0.0,0.0,0.0,0.0,0.0,0.0,0.0,0.0,0.0,0.0,0.0,0.0,0.0,0.0,0.0,0.0,0.0,0.0,0.0,0.0,0.0,0.0,0.0,0.0,0.0,0.0,0.0
scallop,0.26,0.21,0.0,1.4,0.04,4.29,2.4,4.78,1.22,20.0,1.46,2.22,0.0,0.87,2.75,5.83,2.31,3.75,6.41,7.5,0.0,0.0,2.04,2.88,0.0,5.48,2.64,0.36,11.33,6.83,0.0,0.0,0.0,3.87,1.33
scotch,0.0,0.0,0.0,0.0,0.0,0.0,0.0,0.0,0.0,0.0,0.0,0.0,0.0,0.0,0.0,0.0,0.0,0.0,0.0,0.0,0.0,0.0,0.0,0.0,0.0,0.0,0.0,0.0,0.0,0.0,0.0,0.0,0.0,0.0,0.0
seafood,0.0,0.0,0.0,0.0,0.0,0.0,0.0,0.0,0.0,0.0,0.0,0.0,0.0,0.0,0.0,0.0,0.0,0.0,0.0,0.0,0.0,0.0,0.0,0.0,0.0,0.0,0.0,0.0,0.0,0.0,0.0,0.0,0.0,0.0,0.0
seattle,0.0,0.0,0.0,0.0,0.0,0.0,0.0,0.0,0.0,0.0,0.0,0.0,0.0,0.0,0.0,0.0,0.0,0.0,0.0,0.0,0.0,0.0,0.0,0.0,0.0,0.0,0.0,0.0,0.0,0.0,0.0,0.0,0.0,0.0,0.0
seed,2.95,3.1,0.0,11.64,1.0,17.14,10.6,0.0,1.33,6.78,4.69,3.33,0.0,0.0,0.0,24.17,13.08,33.12,17.53,12.25,0.0,0.0,16.32,9.92,0.0,11.9,7.55,0.0,118.89,5.74,0.0,0.0,0.0,18.62,0.0
self,2.21,1.17,0.0,27.2,58.7,25.36,16.82,0.0,0.0,0.0,26.92,26.28,0.0,0.0,0.0,56.5,29.77,28.56,22.94,93.75,0.0,0.0,0.0,49.84,0.0,11.67,9.09,0.0,14.44,0.0,0.0,0.0,0.0,3.62,0.0
semolina,1.35,0.75,0.0,26.47,0.04,13.93,25.4,0.0,0.0,0.0,1.31,24.22,0.0,1.73,0.0,67.58,43.92,37.44,6.06,65.25,0.0,0.0,11.6,10.88,0.0,11.19,9.55,162.55,21.0,26.91,0.0,0.0,0.0,3.96,0.0
sesame,42.69,23.3,0.0,18.29,7.26,27.5,23.2,62.4,0.0,0.0,49.15,23.72,0.0,1.07,0.0,37.0,12.23,23.12,28.88,12.75,0.0,0.0,0.66,32.96,0.0,59.76,34.18,7.27,105.56,70.0,0.0,0.0,0.0,6.53,3.04
sesame oil,128.21,71.0,0.0,0.0,0.0,0.0,0.0,0.0,0.0,0.0,0.0,0.0,0.0,9.33,11.33,0.0,0.0,0.0,0.0,0.0,0.0,0.0,0.0,0.0,0.0,0.0,0.0,0.0,0.0,0.0,0.0,0.0,0.0,0.0,0.04
shallot,0.13,0.09,0.0,6.11,0.52,11.43,5.0,15.74,0.0,8.89,2.85,6.67,0.0,0.27,0.67,5.0,1.54,1.25,20.29,8.5,0.0,0.0,5.8,4.8,0.0,5.0,3.64,2.18,9.78,12.7,0.0,0.0,0.0,7.11,2.05
shavuot,0.0,0.0,0.0,0.0,0.0,0.0,0.0,0.0,0.0,0.0,0.0,0.0,0.0,0.0,0.0,0.0,0.0,0.0,0.0,0.0,0.0,0.0,0.0,0.0,0.0,0.0,0.0,0.0,0.0,0.0,0.0,0.0,0.0,0.0,0.0
shellfish,1.97,0.67,17.67,0.0,46.52,0.0,38.8,0.0,1.0,8.44,4.54,4.22,0.0,0.0,0.0,4.42,4.23,8.38,10.59,12.75,479.17,0.0,8.0,22.4,0.0,15.0,69.27,72.73,131.11,1.74,0.0,0.0,0.0,5.57,0.0
sherry,0.0,0.0,0.0,0.0,0.0,0.0,0.0,0.0,0.0,0.0,0.0,0.0,0.0,0.0,0.0,0.0,0.0,0.0,0.0,0.0,0.0,0.0,0.0,0.0,0.0,0.0,0.0,0.0,0.0,0.0,0.0,0.0,0.0,0.0,0.0
shrimp,0.36,0.28,63.0,0.07,4.83,0.0,48.0,0.0,0.0,0.0,5.38,2.83,0.0,0.0,0.0,0.0,0.0,0.0,0.0,0.0,0.0,0.0,0.0,18.96,0.0,9.29,14.91,0.0,42.11,1.43,0.0,0.0,0.0,5.51,0.0
snapper,1.72,1.42,12.33,0.0,2.78,0.0,41.0,0.0,3.56,1.78,2.46,1.0,2040.0,6.4,0.08,3.83,0.23,1.77,23.53,1.25,125.0,0.0,15.0,15.84,0.0,7.62,3.27,69.45,3.11,0.57,0.0,0.0,0.0,8.87,11.82
sorbet,0.0,0.0,0.0,0.0,0.0,0.0,0.0,0.0,0.0,0.0,0.0,0.0,0.0,0.0,0.0,0.0,0.0,0.0,0.0,0.0,0.0,0.0,0.0,0.0,0.0,0.0,0.0,0.0,0.0,0.0,0.0,0.0,0.0,0.0,0.0
soufflé/meringue,0.0,0.0,0.0,0.0,0.0,0.0,0.0,0.0,0.0,0.0,0.0,0.0,0.0,0.0,0.0,0.0,0.0,0.0,0.0,0.0,0.0,0.0,0.0,0.0,0.0,0.0,0.0,0.0,0.0,0.0,0.0,0.0,0.0,0.0,0.0
soup/stew,0.0,0.0,0.0,0.0,0.0,0.0,0.0,0.0,0.0,0.0,0.0,0.0,0.0,0.0,0.0,0.0,0.0,0.0,0.0,0.0,0.0,0.0,0.0,0.0,0.0,0.0,0.0,0.0,0.0,0.0,0.0,0.0,0.0,0.0,0.0
sour cream,24.87,50.5,19.67,1.68,1.35,0.0,4.88,6.82,13.78,1.0,7.77,0.39,0.0,2.53,1.25,1.67,12.92,0.58,2.41,1.5,8.75,0.0,9.44,6.08,0.0,2.38,3.0,6.73,2.0,0.65,0.0,0.0,0.0,2.66,3.49
sourdough,3.1,2.65,0.0,18.87,26.17,7.86,21.6,9.24,0.0,0.0,4.0,21.72,0.0,1.4,0.58,59.17,32.85,30.12,6.29,42.5,0.0,0.0,9.1,8.4,0.0,7.62,9.45,52.0,16.89,25.09,0.0,0.0,0.0,2.49,1.45
soy,0.13,0.05,0.0,2.03,243.04,2.86,21.0,3.4,0.0,0.0,1.54,13.22,0.0,0.0,0.0,4.92,11.69,24.69,11.76,4.5,0.0,0.0,7.52,10.4,0.0,9.52,3.91,1.45,15.0,21.7,0.0,0.0,0.0,4.51,6.98
soy sauce,0.13,0.05,0.0,2.03,243.04,2.86,21.0,3.4,0.0,0.0,1.54,13.22,0.0,0.0,0.0,4.92,11.69,24.69,11.76,4.5,0.0,0.0,7.52,10.4,0.0,9.52,3.91,1.45,15.0,21.7,0.0,0.0,0.0,4.51,6.98
sparkling wine,0.0,0.0,0.0,0.1,0.35,0.0,0.08,0.0,0.0,0.56,0.46,2.5,0.0,0.0,0.0,0.0,0.0,0.0,0.0,0.0,0.0,0.0,0.0,0.64,0.0,0.95,0.27,0.0,1.11,2.0,0.0,0.0,0.0,0.83,0.0
spice,16.15,32.65,0.0,25.2,2.26,52.86,11.52,15.52,1.44,26.0,52.46,109.44,0.0,12.87,23.67,10.92,10.54,14.0,23.53,6.0,0.0,0.0,0.0,9.44,0.0,32.38,21.55,16.91,53.78,686.96,0.0,0.0,0.0,14.11,3.78
spinach,16.67,30.45,39.33,2.15,24.61,2.5,15.78,3.7,27.11,8.11,12.69,6.61,4.0,6.2,105.0,6.83,20.23,2.99,5.76,19.25,16.67,0.0,8.76,11.12,0.0,7.14,7.73,20.18,6.56,11.7,0.0,0.0,0.0,4.91,11.09
spritzer,0.0,0.0,0.0,0.0,0.0,0.0,0.0,0.0,0.0,0.0,0.0,0.0,0.0,0.0,0.0,0.0,0.0,0.0,0.0,0.0,0.0,0.0,0.0,0.0,0.0,0.0,0.0,0.0,0.0,0.0,0.0,0.0,0.0,0.0,0.0
squid,1.77,1.79,77.67,1.12,1.91,0.0,31.2,0.0,1.11,5.22,2.46,3.78,0.0,8.0,0.0,1.67,31.69,13.63,3.29,1.25,54.17,0.0,10.0,17.68,0.0,7.86,13.91,81.45,210.0,1.52,0.0,0.0,0.0,5.23,11.82
steak,16.92,11.85,0.0,11.24,1.87,12.5,6.52,1.72,0.0,1.0,1.46,3.83,0.0,8.93,26.75,9.75,4.31,15.12,13.88,0.0,0.0,0.0,12.5,9.36,0.0,7.62,3.82,0.0,13.67,7.91,0.0,0.0,0.0,11.72,0.0
stew,24.23,25.55,26.33,0.0,3.17,0.0,53.8,0.0,4.33,0.0,1.0,7.61,0.0,0.0,0.0,7.83,18.08,36.25,14.71,1.25,9.58,0.0,15.06,14.4,0.0,4.76,16.09,35.82,11.11,0.91,0.0,0.0,0.0,3.87,0.0
stock,0.12,0.18,0.0,0.44,8.61,0.0,3.94,1.08,0.0,0.0,0.62,1.5,0.0,0.07,0.08,2.75,7.0,5.45,3.24,0.5,0.0,0.0,0.0,2.48,0.0,1.67,1.55,2.18,5.56,0.0,0.0,0.0,0.0,3.94,0.87
strawberry,0.38,0.07,0.0,2.79,0.04,7.14,1.34,9.78,0.11,65.33,1.23,2.28,0.0,1.93,1.83,2.0,1.69,2.41,2.76,6.0,0.0,0.0,2.5,1.92,0.0,3.1,1.27,0.73,5.33,16.78,0.0,0.0,0.0,3.26,1.04
stuffing/dressing,0.0,0.0,0.0,0.0,0.0,0.0,0.0,0.0,0.0,0.0,0.0,0.0,0.0,0.0,0.0,0.0,0.0,0.0,0.0,0.0,0.0,0.0,0.0,0.0,0.0,0.0,0.0,0.0,0.0,0.0,0.0,0.0,0.0,0.0,0.0
sugar snap pea,0.64,0.0,0.0,2.33,0.13,12.14,4.62,6.44,0.0,8.11,4.23,4.61,0.0,0.0,0.0,6.5,5.77,4.83,7.29,0.0,0.0,0.0,6.0,3.92,0.0,6.67,3.45,0.0,10.0,14.43,0.0,0.0,0.0,6.87,0.0
sweet potato/yam,0.0,0.0,0.0,0.0,0.0,0.0,0.0,0.0,0.0,0.0,0.0,0.0,0.0,0.0,0.0,0.0,0.0,0.0,0.0,0.0,0.0,0.0,0.0,0.0,0.0,0.0,0.0,0.0,0.0,0.0,0.0,0.0,0.0,0.0,0.0
swiss cheese,39.74,91.0,31.0,0.52,8.04,0.0,54.0,0.0,32.44,0.0,68.46,0.72,0.0,4.0,1.17,0.92,23.31,0.38,4.12,0.0,125.83,0.0,7.04,45.92,0.0,7.95,39.73,54.73,5.22,1.17,0.0,0.0,0.0,1.51,2.51
swordfish,8.53,8.05,22.0,0.0,3.52,0.0,39.4,0.0,4.0,0.0,0.38,2.11,2790.0,13.47,0.08,6.25,4.08,48.5,31.94,0.5,70.83,0.0,7.0,20.4,0.0,6.9,6.0,104.36,4.33,0.48,0.0,0.0,0.0,8.89,11.82
taco,11.76,14.9,6.33,5.49,15.78,10.71,13.38,0.0,0.33,0.0,7.31,9.83,0.0,3.6,8.92,12.5,8.15,9.38,6.06,13.5,16.67,0.0,4.1,8.24,0.0,6.43,10.64,13.09,16.78,11.13,0.0,0.0,0.0,4.87,0.0
tamarind,0.0,0.0,0.0,33.45,71.3,8.93,0.0,157.2,0.11,0.0,0.0,0.0,0.0,0.33,1.17,17.67,6.54,5.94,1.88,1.75,0.0,0.0,1.4,4.48,0.0,10.71,0.73,1.82,5.33,0.3,0.0,0.0,0.0,6.57,0.76
tangerine,0.26,0.12,0.0,3.67,0.04,0.71,1.0,19.8,1.44,34.44,1.38,1.11,0.0,0.87,0.0,5.0,1.54,0.62,2.47,1.25,0.0,0.0,2.5,1.12,0.0,1.9,0.27,0.18,2.78,1.61,0.0,0.0,0.0,3.79,1.13
tapioca,0.03,0.03,0.0,32.25,0.04,3.21,0.38,6.7,0.0,0.0,1.54,8.78,0.0,0.0,0.0,0.33,0.0,0.0,0.47,1.0,0.0,0.0,2.7,0.56,0.0,0.24,1.09,1.45,2.22,4.78,0.0,0.0,0.0,0.23,0.22
tarragon,9.28,9.4,0.0,18.25,2.7,26.43,45.6,0.0,23.33,55.56,87.69,179.44,0.0,0.0,0.0,20.92,103.08,55.94,141.76,68.5,0.0,0.0,0.0,25.04,0.0,82.62,35.45,8.0,75.22,346.52,0.0,0.0,0.0,64.26,0.0
tart,0.69,0.0,0.0,4.98,0.17,0.0,0.62,24.4,0.0,0.0,1.0,2.33,0.0,0.0,0.0,5.0,0.0,0.0,2.18,0.0,0.0,0.0,0.0,1.36,0.0,2.62,0.27,0.0,4.67,2.61,0.0,0.0,0.0,3.43,0.0
tea,0.0,0.0,0.0,0.0,0.17,0.0,0.0,0.0,0.0,0.0,0.62,0.44,0.0,0.0,0.0,0.0,0.0,0.25,0.0,0.25,0.0,0.0,0.0,0.08,0.0,0.71,0.36,0.0,0.0,20.74,0.0,0.0,0.0,0.43,0.07
tequila,0.13,0.0,0.0,4.11,2.48,0.0,0.6,0.0,0.56,21.44,0.0,0.11,0.0,0.0,0.0,3.17,1.23,1.19,2.94,2.75,0.0,0.0,1.76,0.8,0.0,1.67,5.45,0.0,4.67,0.61,0.0,0.0,0.0,0.21,0.0
thyme,2.15,2.34,0.0,8.87,0.39,50.0,11.12,0.0,26.44,177.78,31.15,96.67,0.0,0.0,0.0,4.0,36.23,11.38,20.47,11.25,0.0,0.0,8.18,8.48,0.0,38.1,16.45,0.0,61.67,74.78,0.0,0.0,0.0,12.96,0.0
tilapia,2.18,2.92,16.67,0.0,2.26,0.0,40.2,0.0,0.0,0.0,0.77,3.11,15.5,2.67,1.17,3.42,4.85,24.38,9.53,6.0,65.83,0.0,9.74,13.6,0.0,6.43,3.0,76.0,8.33,1.61,0.0,0.0,0.0,6.43,7.73
tofu,2.31,1.29,0.0,5.82,1.52,0.71,7.0,2.48,0.22,2.78,9.08,5.89,0.0,2.07,2.92,5.0,1.54,1.5,1.18,1.5,0.0,0.0,0.0,3.04,0.0,9.52,2.82,23.64,8.33,0.0,0.0,0.0,0.0,1.0,8.8
tomatillo,1.31,0.7,0.0,2.12,0.04,6.79,1.92,7.86,0.67,13.0,0.54,3.44,0.0,2.53,8.42,3.67,2.69,11.56,3.29,1.75,0.0,0.0,3.0,3.12,0.0,4.76,2.0,0.91,8.78,6.65,0.0,0.0,0.0,5.7,1.38
tomato,0.56,0.31,0.0,27.16,5.83,58.93,25.8,87.8,95.78,130.0,12.77,25.33,0.0,81.33,40.67,76.08,58.54,57.06,26.88,30.0,0.0,0.0,75.2,23.6,0.0,42.38,15.55,9.64,137.78,84.78,0.0,0.0,0.0,41.06,0.0
tortillas,10.65,16.85,3.67,10.69,22.22,5.36,15.82,3.58,0.0,0.0,2.08,10.0,0.0,1.33,2.58,23.08,10.38,15.88,12.59,0.0,9.58,0.0,0.0,6.56,0.0,5.24,8.0,20.55,7.33,13.48,0.0,0.0,0.0,5.85,0.0
tree nut,0.09,0.0,0.0,3.93,10.48,13.21,0.58,0.0,1.11,33.33,0.62,0.89,0.0,0.0,0.0,0.0,23.08,21.88,10.53,3.75,0.0,0.0,1.26,0.32,0.0,1.19,2.82,1.64,22.44,23.43,0.0,0.0,0.0,0.11,0.0
tropical fruit,0.18,0.0,0.0,4.44,0.0,4.64,0.62,19.56,0.44,17.67,0.0,0.0,0.0,0.67,0.67,1.58,2.08,0.86,2.29,0.5,0.0,0.0,1.52,0.88,0.0,1.19,0.45,0.0,3.89,1.7,0.0,0.0,0.0,3.0,0.65
trout,8.47,5.75,19.33,0.0,2.26,0.0,41.6,0.0,1.89,0.56,3.31,8.33,19.5,1.33,0.08,29.17,25.38,28.12,11.76,3.25,324.58,0.0,38.8,19.6,0.0,5.24,6.0,22.91,20.89,37.0,0.0,0.0,0.0,7.68,11.82
tuna,11.87,7.7,4.33,3.42,17.48,0.0,32.0,0.0,2.67,2.44,1.31,5.56,0.0,0.0,0.0,2.58,5.38,41.88,4.76,2.0,50.0,0.0,5.2,14.24,0.0,4.52,5.09,74.91,16.11,1.74,0.0,0.0,0.0,3.79,0.0
turnip,0.24,0.16,0.0,1.23,0.78,8.57,4.92,0.0,33.89,28.67,8.77,9.06,0.0,0.0,0.0,3.67,6.77,2.43,4.35,10.25,0.0,0.0,2.46,1.92,0.0,4.29,1.45,1.64,5.67,9.57,0.0,0.0,0.0,1.74,0.0
vanilla,0.08,0.05,0.0,4.58,0.39,0.0,0.12,25.2,0.0,0.0,0.85,0.67,0.0,0.0,0.0,0.92,7.31,2.66,1.53,0.0,0.0,0.0,0.7,0.48,0.0,2.86,1.0,0.0,8.0,10.0,0.0,0.0,0.0,3.15,0.0
veal,40.64,74.5,26.33,0.0,2.61,0.0,28.0,0.0,0.0,0.0,0.85,4.11,0.0,0.0,0.0,4.5,14.77,33.94,18.06,2.25,40.83,0.0,19.16,12.0,0.0,3.81,18.64,34.91,9.0,2.13,0.0,0.0,0.0,4.91,0.0
vegetable,0.26,0.18,0.0,2.47,1.35,5.36,4.6,5.14,33.67,6.33,2.15,4.61,0.0,3.47,20.42,5.08,5.31,4.87,5.88,10.0,0.0,0.0,5.2,2.24,0.0,5.0,2.36,1.27,7.78,0.0,0.0,0.0,0.0,3.57,2.44
venison,3.41,3.15,6.0,0.0,0.0,0.0,43.0,0.0,0.0,0.0,0.54,16.11,0.0,0.0,0.0,16.67,27.69,41.25,0.0,0.0,0.0,0.0,0.0,0.0,0.0,0.0,0.0,0.0,0.0,0.0,0.0,0.0,0.0,0.0,0.0
vermont,0.0,0.0,0.0,0.0,0.0,0.0,0.0,0.0,0.0,0.0,0.0,0.0,0.0,0.0,0.0,0.0,0.0,0.0,0.0,0.0,0.0,0.0,0.0,0.0,0.0,0.0,0.0,0.0,0.0,0.0,0.0,0.0,0.0,0.0,0.0
vermouth,0.0,0.0,0.0,0.0,0.0,0.0,0.0,0.0,0.0,0.0,0.0,0.0,0.0,0.0,0.0,0.0,0.0,0.0,0.0,0.0,0.0,0.0,0.0,0.0,0.0,0.0,0.0,0.0,0.0,0.0,0.0,0.0,0.0,0.0,0.0
vinegar,0.0,0.0,0.0,6.18,1.0,0.0,0.98,30.0,0.0,0.0,2.08,4.0,0.0,0.0,0.0,0.0,0.0,0.0,0.0,0.0,0.0,0.0,0.0,1.52,0.0,2.86,0.73,0.0,2.89,5.7,0.0,0.0,0.0,2.38,0.0
vodka,0.0,0.0,0.0,0.0,0.04,0.0,0.0,0.0,0.0,0.0,0.0,0.06,0.0,0.0,0.0,0.42,0.54,0.0,0.0,0.0,0.0,0.0,0.0,0.4,0.0,0.0,0.0,0.0,1.11,0.0,0.0,0.0,0.0,0.02,0.0
waffle,11.82,9.5,5.0,14.91,27.0,7.86,13.16,8.6,44.56,0.0,21.46,33.56,0.0,4.13,8.75,41.58,51.15,41.75,57.18,24.0,119.17,0.0,4.8,31.04,0.0,4.52,4.36,17.27,4.44,9.35,0.0,0.0,0.0,2.68,0.0
walnut,128.21,45.5,0.0,0.0,0.0,0.0,0.0,0.0,0.0,0.0,0.0,0.0,0.0,2.67,12.5,0.0,0.0,0.0,0.0,0.0,0.0,0.0,0.0,0.0,0.0,0.0,0.0,0.0,0.0,0.0,0.0,0.0,0.0,0.0,0.07
wasabi,13.97,10.15,0.0,16.76,147.39,21.79,4.46,26.4,0.0,0.0,3.15,2.78,0.0,26.07,2.92,4.17,5.38,1.0,2.94,2.5,0.0,0.0,0.0,2.08,0.0,5.0,5.55,4.0,6.11,5.96,0.0,0.0,0.0,3.87,0.42
watermelon,0.19,0.08,0.0,2.75,0.04,1.43,1.22,12.4,3.11,9.0,0.54,1.33,0.0,0.33,0.08,2.75,1.62,1.11,2.65,0.75,0.0,0.0,4.42,0.88,0.0,2.38,0.91,0.73,4.67,1.65,0.0,0.0,0.0,2.38,0.75
wheat/gluten-free,0.0,0.0,0.0,0.0,0.0,0.0,0.0,0.0,0.0,0.0,0.0,0.0,0.0,0.0,0.0,0.0,0.0,0.0,0.0,0.0,0.0,0.0,0.0,0.0,0.0,0.0,0.0,0.0,0.0,0.0,0.0,0.0,0.0,0.0,0.0
whiskey,0.03,0.02,0.0,5.75,2.04,0.0,0.2,31.6,0.0,0.44,3.54,0.44,0.0,0.0,0.0,0.25,0.15,0.03,0.0,0.0,0.0,0.0,0.2,0.32,0.0,0.71,0.36,0.18,3.78,0.3,0.0,0.0,0.0,0.09,0.0
white wine,0.0,0.0,0.0,0.95,0.22,0.0,0.14,1.92,0.0,0.0,0.69,1.5,0.0,0.0,0.33,0.42,1.15,0.68,2.94,0.25,0.0,0.0,0.9,1.44,0.0,2.38,1.09,0.18,0.44,5.09,0.0,0.0,0.0,1.51,0.78
whole wheat,18.08,10.3,0.0,25.31,34.78,36.79,21.2,2.38,0.0,0.0,2.77,18.56,0.0,9.4,22.67,15.17,1.62,28.94,10.88,7.0,0.0,0.0,16.64,26.48,0.0,26.19,23.91,18.36,46.67,93.48,0.0,0.0,0.0,7.34,4.95
wild rice,0.44,0.24,0.0,7.75,0.13,6.43,7.98,1.46,0.0,0.0,0.23,3.33,0.0,1.6,0.42,4.33,6.69,8.06,7.94,6.5,0.0,0.0,3.08,6.56,0.0,7.62,12.18,1.45,13.44,12.26,0.0,0.0,0.0,2.15,1.85
wine,0.0,0.0,0.0,0.1,0.35,0.0,0.08,0.0,0.0,0.56,0.46,2.5,0.0,0.0,0.0,0.0,0.0,0.0,0.0,0.0,0.0,0.0,0.0,0.64,0.0,0.95,0.27,0.0,1.11,2.0,0.0,0.0,0.0,0.83,0.0
yellow squash,0.17,0.0,0.0,1.6,0.0,3.41,1.78,0.0,0.0,0.0,1.75,0.76,0.0,0.0,0.0,0.0,0.0,0.0,0.0,0.0,0.0,0.0,0.0,2.46,0.0,4.0,1.85,0.0,6.76,10.43,0.0,0.0,0.0,4.68,0.0
yogurt,2.31,1.29,0.0,5.82,1.52,0.71,7.0,2.48,0.22,2.78,9.08,5.89,0.0,2.07,2.92,5.0,1.54,1.5,1.18,1.5,0.0,0.0,0.0,3.04,0.0,9.52,2.82,23.64,8.33,0.0,0.0,0.0,0.0,1.0,8.8
zucchini,0.51,0.41,0.0,1.13,0.13,3.93,5.42,0.0,2.78,37.89,1.62,4.39,0.0,0.0,0.0,3.5,2.77,4.41,8.35,5.0,0.0,0.0,7.34,7.44,0.0,7.86,7.55,0.55,10.78,8.52,0.0,0.0,0.0,9.77,0.0
turkey,20.51,21.8,25.0,1.7,46.52,1.79,22.8,5.8,1.0,14.78,9.46,16.67,3.0,3.0,0.25,4.08,7.31,16.31,14.29,2.25,9.58,0.0,9.32,9.12,0.0,3.81,11.82,28.0,8.0,2.22,0.0,0.0,0.0,2.87,9.82
